Májkül Sumaher, Béjemvé, 2.950100714060632, 0.2008121997017287, 5.585442021700116, 3.0, 4.0, 9.0
Rúbensz Bárikelló, Krájzler, 7.5536317792571674, 3.327022263115845, 2.229613105802757, 5.0, 2.0, 5.0
Kolin Mekrí, Rojsz Rojsz, 0.7683641369546634, 4.162202795796087, 2.38298970206944, 3.0, 4.0, 9.0
Szebásztián Lőb, Béjemvé, 3.1008410654705343, 4.661614125702821, 2.218482835458776, 5.0, 2.0, 5.0
Májkül Sumaher, Pözsó, 1.229098683528167, 8.936551605085269, 3.3033848051215733, 4.0, 3.0, 4.0
Máksz Fersztáppen, Dodzs, 5.961546966788312, 1.0009148424085945, 6.0954829468061416, 4.0, 3.0, 4.0
Májkül Sumaher, Béjemvé, 0.7645498913028959, 6.787990694625874, 0.08645110999006889, 1.0, 1.0, 6.0
Lújisz Hemilton, Dzsipp, 0.21206093279935723, 3.1230733203754015, 3.804518075863715, 1.0, 1.0, 6.0
Lújisz Hemilton, Kilya, 0.7150811167103965, 0.7318070276781585, 4.4596124690593895, 3.0, 4.0, 9.0
Szebásztián Fettel, Micubicsi, 0.8319825852589247, 2.2449605169656883, 1.371274191582743, 8.0, 8.0, 2.0
Májkül Sumaher, Dzsipp, 2.7019311884782016, 2.99082679375108, 0.6674046797059641, 1.0, 1.0, 6.0
Máksz Fersztáppen, Pözsó, 1.932557691384038, 5.427923966748667, 3.414388062803585, 4.0, 3.0, 4.0
Lújisz Hemilton, Dzsipp, 1.6767022192272774, 1.8282386485785496, 3.0544295716399716, 4.0, 3.0, 4.0
Lújisz Hemilton, Pözsó, 5.9271238890843225, 4.058163917323335, 4.196129494569996, 1.0, 1.0, 6.0
Májkül Sumaher, Béjemvé, 5.236727501418574, 1.5359258213220073, 1.0770335607639092, 5.0, 2.0, 5.0
Májkül Sumaher, Lekszusz, 1.3038301302767208, 4.105482183718935, 2.012346085636416, 4.0, 3.0, 4.0
Máksz Fersztáppen, Rojsz Rojsz, 8.147147382605, 4.395255075059612, 0.6053018762142148, 4.0, 3.0, 4.0
Rúbensz Bárikelló, Pözsó, 1.1458865030850207, 2.7508708622407085, 0.8658651436409115, 1.0, 1.0, 6.0
Máksz Fersztáppen, Dodzs, 3.7232728208342825, 1.4325553634006627, 1.7414296043909538, 5.0, 2.0, 5.0
Máksz Fersztáppen, Kilya, 2.4155068658643675, 5.516991527075343, 6.606567973485936, 1.0, 1.0, 6.0
Máksz Fersztáppen, Dzsipp, 1.3201790696434534, 1.964197239891764, 5.462217212539406, 3.0, 4.0, 9.0
Dzsenzon Bátön, Rojsz Rojsz, 1.0823550560696305, 4.7472256602802965, 0.9766285612216818, 10.0, 10.0, 1.0
Rúbensz Bárikelló, Dodzs, 3.9513276069241368, 4.805815150633173, 3.2370215113064758, 4.0, 3.0, 4.0
Májkül Sumaher, Kőnigszeg, 2.591339511529187, 5.943953600621819, 5.874727482398131, 1.0, 1.0, 6.0
Fernándó Álonzó, Dzsipp, 0.9307904743458462, 0.35275441192541335, 2.6036465292436075, 1.0, 1.0, 6.0
Rúbensz Bárikelló, Béjemvé, 3.8663124200676258, 0.8089472422015898, 3.7506332593144522, 4.0, 3.0, 4.0
Lújisz Hemilton, Dodzs, 4.0654807601410035, 0.15424220805645206, 1.37216030779304, 5.0, 2.0, 5.0
Szebásztián Lőb, Kőnigszeg, 9.72183994206773, 0.5548740919363193, 0.18620014907072435, 1.0, 1.0, 6.0
Lújisz Hemilton, Rojsz Rojsz, 5.556353446312984, 0.2353531172420431, 7.67929700589297, 1.0, 1.0, 6.0
Lújisz Hemilton, Kilya, 0.8001949295085264, 2.579042172285936, 4.3944214941693325, 4.0, 3.0, 4.0
Máksz Fersztáppen, Lekszusz, 3.332840053821986, 2.550073009087127, 7.505362927408241, 1.0, 1.0, 6.0
Dzsenzon Bátön, Kilya, 2.5215164608136553, 3.1183135938734488, 4.665729104481847, 1.0, 1.0, 6.0
Szebásztián Lőb, Kőnigszeg, 7.443007759495045, 5.400049662436146, 1.6901977524559986, 4.0, 3.0, 4.0
Kimi Rájkőnen, Krájzler, 7.193607542796001, 7.111832574797735, 2.2786278674804903, 1.0, 1.0, 6.0
Szebásztián Fettel, Rojsz Rojsz, 1.3555040518808303, 4.821065595229054, 9.958714895506125, 1.0, 1.0, 6.0
Rúbensz Bárikelló, Micubicsi, 7.26542157272087, 8.479228482130917, 2.294872101286194, 1.0, 1.0, 6.0
Fernándó Álonzó, Rojsz Rojsz, 4.619852653935563, 1.1516721072912495, 0.5734428213690945, 3.0, 4.0, 9.0
Májkül Sumaher, Lekszusz, 0.6312850947451265, 4.644427065713472, 0.11240060105038197, 5.0, 2.0, 5.0
Dzsenzon Bátön, Micubicsi, 0.228381654015678, 2.283826953517373, 6.353293890319297, 4.0, 3.0, 4.0
Szebásztián Fettel, Kőnigszeg, 5.210473213573692, 1.341161222228382, 2.431353340710032, 5.0, 2.0, 5.0
Rúbensz Bárikelló, Pözsó, 7.982405805862217, 0.8426757446274824, 2.7524334734361577, 1.0, 1.0, 6.0
Rúbensz Bárikelló, Dodzs, 0.26538254385749527, 9.653178957826299, 4.805385760678451, 1.0, 1.0, 6.0
Máksz Fersztáppen, Lekszusz, 0.9784268940902252, 2.835784382405623, 0.6301425679741668, 1.0, 1.0, 6.0
Szebásztián Fettel, Rojsz Rojsz, 6.9955888116248435, 9.180143756290706, 0.6423234168646597, 4.0, 3.0, 4.0
Fernándó Álonzó, Dodzs, 2.5668672708379106, 3.0827389388489204, 0.5041179391669948, 3.0, 4.0, 9.0
Máksz Fersztáppen, Dodzs, 0.13242032195380227, 1.2373613994611599, 3.029032583781519, 3.0, 4.0, 9.0
Máksz Fersztáppen, Kőnigszeg, 4.070968205922274, 0.4146065635821039, 7.710906151642931, 1.0, 1.0, 6.0
Lújisz Hemilton, Béjemvé, 0.3453391451299892, 1.3873971806948704, 0.8941983518372121, 6.0, 7.0, 10.0
Dzsenzon Bátön, Rojsz Rojsz, 3.6845251459661754, 1.6466428597826088, 6.474551241235823, 3.0, 4.0, 9.0
Dzsenzon Bátön, Krájzler, 8.589399165955102, 0.8802914182401822, 0.39526640967732174, 4.0, 3.0, 4.0
Szebásztián Lőb, Dodzs, 5.571312915063997, 2.8031064822392535, 5.295959357819443, 4.0, 3.0, 4.0
Májkül Sumaher, Micubicsi, 0.1272821519587808, 0.6493051135833927, 3.867921252046215, 1.0, 1.0, 6.0
Kimi Rájkőnen, Micubicsi, 3.157735596352378, 3.7675350349174144, 1.089687566694042, 5.0, 2.0, 5.0
Kimi Rájkőnen, Dodzs, 5.812002871354283, 7.152279860933789, 3.805465606546127, 1.0, 1.0, 6.0
Dzsenzon Bátön, Dzsipp, 1.7010039938475485, 6.0391429450240866, 6.241762312861054, 4.0, 3.0, 4.0
Szebásztián Lőb, Lekszusz, 1.1832543108369042, 5.368856217338261, 1.2914737538590138, 10.0, 10.0, 1.0
Májkül Sumaher, Kilya, 0.9846777747174762, 7.924510345212489, 2.5578368705532197, 5.0, 2.0, 5.0
Lújisz Hemilton, Pözsó, 1.5067042387441654, 3.7108236064049196, 7.854521908572851, 1.0, 1.0, 6.0
Szebásztián Fettel, Pözsó, 1.9573223659959826, 1.3342957486160623, 1.5490577867874955, 5.0, 2.0, 5.0
Rúbensz Bárikelló, Béjemvé, 4.407747175235776, 0.34168818049902683, 0.8417583361116654, 3.0, 4.0, 9.0
Lújisz Hemilton, Dodzs, 0.4510317197536329, 6.84424141988781, 4.625885895097394, 1.0, 1.0, 6.0
Májkül Sumaher, Kőnigszeg, 0.4859383581874077, 5.116312799774042, 5.446258953450686, 5.0, 2.0, 5.0
Kimi Rájkőnen, Kőnigszeg, 2.7891420923136367, 7.431203261885283, 3.9007043560213326, 1.0, 1.0, 6.0
Szebásztián Fettel, Béjemvé, 6.378639997982791, 0.7230835921453826, 6.231871140190938, 1.0, 1.0, 6.0
Dzsenzon Bátön, Micubicsi, 4.368598598230918, 2.1195412101272293, 2.8442631830116794, 6.0, 7.0, 10.0
Dzsenzon Bátön, Dodzs, 2.7046232572370776, 0.2989043549078807, 6.451787695092547, 8.0, 8.0, 2.0
Fernándó Álonzó, Krájzler, 4.942758272994655, 5.254810117479013, 0.06424252997856761, 5.0, 2.0, 5.0
Kolin Mekrí, Pözsó, 2.5795556250036022, 2.0757697659374594, 0.7109741474613296, 5.0, 2.0, 5.0
Lújisz Hemilton, Lekszusz, 2.6323291976543803, 0.28523072099387314, 0.8527246635175634, 8.0, 8.0, 2.0
Lújisz Hemilton, Kilya, 2.852148071373828, 8.512419126970098, 1.6426763422054158, 5.0, 2.0, 5.0
Szebásztián Lőb, Béjemvé, 0.858000093668041, 1.9116531298616124, 2.9058478279828326, 4.0, 3.0, 4.0
Fernándó Álonzó, Krájzler, 0.1709911061055902, 6.504549073013059, 9.491204711838924, 4.0, 3.0, 4.0
Rúbensz Bárikelló, Kőnigszeg, 7.335995040175796, 0.24467629054934936, 1.6002624687472577, 1.0, 1.0, 6.0
Kolin Mekrí, Lekszusz, 2.1895248572960835, 6.46288740452761, 6.47656433963261, 1.0, 1.0, 6.0
Rúbensz Bárikelló, Kilya, 8.844874081076831, 4.064293150821521, 1.1662249281451254, 5.0, 2.0, 5.0
Máksz Fersztáppen, Dodzs, 1.6956215477204262, 7.96933324028452, 2.7241777246862164, 1.0, 1.0, 6.0
Fernándó Álonzó, Dzsipp, 1.667006199319091, 1.936017504076284, 6.256447393310928, 5.0, 2.0, 5.0
Szebásztián Fettel, Kilya, 4.383992314547047, 3.63579172294119, 1.8378466547573435, 4.0, 3.0, 4.0
Dzsenzon Bátön, Dzsipp, 5.114657627992062, 5.750502024604681, 1.3730219690441658, 5.0, 2.0, 5.0
Fernándó Álonzó, Lekszusz, 4.082811009243934, 7.64167472875506, 1.3495787476735444, 5.0, 2.0, 5.0
Kolin Mekrí, Kőnigszeg, 9.640507152750455, 2.3144017476012104, 7.586397202094703, 1.0, 1.0, 6.0
Szebásztián Lőb, Micubicsi, 3.2082792626555836, 7.419393870200695, 1.955176487675978, 4.0, 3.0, 4.0
Szebásztián Lőb, Micubicsi, 0.6199966736771256, 9.604661587214633, 5.397156301290837, 5.0, 2.0, 5.0
Fernándó Álonzó, Pözsó, 2.8401398076922324, 7.256642763168659, 1.820793338682536, 5.0, 2.0, 5.0
Dzsenzon Bátön, Pözsó, 1.1667021510821407, 3.7122507882623665, 2.2923773514499315, 5.0, 2.0, 5.0
Fernándó Álonzó, Krájzler, 0.6089680243104079, 0.9580404014829491, 2.0252459616628493, 4.0, 3.0, 4.0
Lújisz Hemilton, Kilya, 0.17505154354232833, 2.890739756684473, 1.5055033360301806, 7.0, 6.0, 8.0
Dzsenzon Bátön, Kilya, 4.3737162502023095, 2.795877917372398, 1.2991927368249656, 4.0, 3.0, 4.0
Májkül Sumaher, Dodzs, 5.214101297156654, 3.337659110108009, 4.219641033194938, 1.0, 1.0, 6.0
Dzsenzon Bátön, Dzsipp, 4.592273421453319, 1.1118946944813335, 1.1813975717047398, 4.0, 3.0, 4.0
Lújisz Hemilton, Krájzler, 3.0738255566927797, 3.647636646802259, 6.7793523197269465, 1.0, 1.0, 6.0
Kolin Mekrí, Krájzler, 7.307904540172436, 1.8885968808332587, 3.598955051714495, 4.0, 3.0, 4.0
Rúbensz Bárikelló, Pözsó, 3.3109914224060812, 4.2313134258403835, 3.2901420463848954, 4.0, 3.0, 4.0
Fernándó Álonzó, Lekszusz, 1.0621762234497, 0.07625745666900996, 2.0977378663251187, 5.0, 2.0, 5.0
Májkül Sumaher, Krájzler, 6.943273092614305, 2.1783215083765253, 3.0489340334449224, 1.0, 1.0, 6.0
Kimi Rájkőnen, Kőnigszeg, 4.09843436484239, 1.4543547191688466, 1.3938886042013099, 1.0, 1.0, 6.0
Szebásztián Lőb, Kilya, 1.1572774540068542, 2.341937432076638, 2.897349341961747, 5.0, 2.0, 5.0
Dzsenzon Bátön, Micubicsi, 0.6861978301209981, 5.218775645791975, 3.74829031423522, 4.0, 3.0, 4.0
Lújisz Hemilton, Lekszusz, 9.263368972574161, 1.855527321065471, 1.6281209813348485, 3.0, 4.0, 9.0
Rúbensz Bárikelló, Dodzs, 1.9481947530776789, 6.213633873763683, 1.0949379527172487, 5.0, 2.0, 5.0
Lújisz Hemilton, Lekszusz, 1.1879419367123634, 0.6090605012931294, 2.741603416310224, 6.0, 7.0, 10.0
Kimi Rájkőnen, Lekszusz, 9.009392854001657, 2.2871132888457857, 2.5432559651633313, 1.0, 1.0, 6.0
Szebásztián Fettel, Rojsz Rojsz, 6.140231198213746, 2.3828494435713865, 3.3162085406084496, 1.0, 1.0, 6.0
Fernándó Álonzó, Krájzler, 1.0777051073838873, 3.0667142111095735, 0.4704636358279235, 1.0, 1.0, 6.0
Kolin Mekrí, Rojsz Rojsz, 3.049018654038874, 1.0454409013438726, 1.5067712277186862, 4.0, 3.0, 4.0
Szebásztián Fettel, Pözsó, 1.7694558500591717, 3.2790171697623007, 5.956119097927406, 1.0, 1.0, 6.0
Májkül Sumaher, Kőnigszeg, 4.269561561868787, 5.894839408163617, 2.6251219569319497, 1.0, 1.0, 6.0
Szebásztián Fettel, Lekszusz, 7.7784037707150055, 1.9008080102380476, 0.6726123431170572, 4.0, 3.0, 4.0
Fernándó Álonzó, Pözsó, 4.344742656219543, 1.021182889484461, 9.041992004406332, 1.0, 1.0, 6.0
Lújisz Hemilton, Kőnigszeg, 2.399963139290909, 2.0866735260016886, 4.860490343959638, 4.0, 3.0, 4.0
Máksz Fersztáppen, Krájzler, 9.884802576746342, 1.7776095393275637, 2.2702721679818882, 1.0, 1.0, 6.0
Máksz Fersztáppen, Micubicsi, 4.917938813331161, 2.2044616273203976, 0.913578025597418, 5.0, 2.0, 5.0
Májkül Sumaher, Béjemvé, 5.397175247986041, 9.413270759408704, 0.5428641400418133, 1.0, 1.0, 6.0
Rúbensz Bárikelló, Rojsz Rojsz, 3.9403538144054995, 0.18434375607367826, 0.6634652841565114, 9.0, 9.0, 3.0
Kimi Rájkőnen, Kőnigszeg, 4.634904999609175, 9.084897341898511, 0.2022924929728409, 5.0, 2.0, 5.0
Dzsenzon Bátön, Dodzs, 8.435291261103359, 0.04092164303917123, 3.2712499488266378, 3.0, 4.0, 9.0
Májkül Sumaher, Kőnigszeg, 1.8620321946017981, 0.7175663216351114, 7.369281553140029, 1.0, 1.0, 6.0
Szebásztián Lőb, Béjemvé, 2.0183345451545898, 4.274937569049927, 5.839871659776266, 1.0, 1.0, 6.0
Szebásztián Lőb, Micubicsi, 2.071419817451555, 1.1371246733608198, 5.238569403329882, 5.0, 2.0, 5.0
Dzsenzon Bátön, Pözsó, 3.6785353868224746, 1.4307336506847912, 5.18788454547786, 1.0, 1.0, 6.0
Máksz Fersztáppen, Krájzler, 0.8561874707246464, 7.864265912911406, 2.6772224799575084, 1.0, 1.0, 6.0
Máksz Fersztáppen, Dzsipp, 0.40610072821455123, 0.3590252177215958, 1.0115717529450208, 4.0, 3.0, 4.0
Szebásztián Lőb, Dzsipp, 1.7038888315136613, 0.22715855804669394, 5.054629131506911, 5.0, 2.0, 5.0
Szebásztián Fettel, Rojsz Rojsz, 0.475097481708151, 0.2772619207617, 0.4900927857066195, 1.0, 1.0, 6.0
Szebásztián Fettel, Kőnigszeg, 9.407673017616544, 5.313705644676795, 4.299844813544373, 1.0, 1.0, 6.0
Fernándó Álonzó, Dodzs, 7.869869753683087, 1.7354982692081, 1.4357819971744057, 3.0, 4.0, 9.0
Lújisz Hemilton, Lekszusz, 4.955365758583856, 0.5313719264699635, 4.415829554352834, 5.0, 2.0, 5.0
Lújisz Hemilton, Pözsó, 0.3860586386007492, 2.427811822200028, 9.884253858012704, 1.0, 1.0, 6.0
Rúbensz Bárikelló, Krájzler, 8.011486542786045, 2.1378425312577876, 1.657223258760676, 1.0, 1.0, 6.0
Rúbensz Bárikelló, Krájzler, 8.254615535238637, 5.451138260384782, 6.0998477621010485, 1.0, 1.0, 6.0
Rúbensz Bárikelló, Micubicsi, 0.11900263153894697, 2.2580896413050775, 0.8520632938601858, 1.0, 1.0, 6.0
Kolin Mekrí, Kőnigszeg, 2.0647201549173944, 8.583564470839812, 0.8065056855637376, 4.0, 3.0, 4.0
Szebásztián Lőb, Dodzs, 8.724764362430133, 1.4813290830398684, 1.4031943285438464, 4.0, 3.0, 4.0
Máksz Fersztáppen, Kilya, 4.000190001663974, 3.0024169798649645, 2.905316674027997, 1.0, 1.0, 6.0
Fernándó Álonzó, Béjemvé, 2.264158334777524, 0.8397106702792612, 3.068814494907155, 4.0, 3.0, 4.0
Szebásztián Lőb, Krájzler, 0.029946666915589004, 6.464584487080601, 2.0535158278035204, 5.0, 2.0, 5.0
Dzsenzon Bátön, Rojsz Rojsz, 5.180612232738322, 6.500152189861713, 0.2134010256551666, 1.0, 1.0, 6.0
Májkül Sumaher, Dzsipp, 4.043834007613559, 0.2099125728420037, 1.7576865246758988, 5.0, 2.0, 5.0
Szebásztián Fettel, Pözsó, 3.581778676802557, 2.0944158355090456, 1.4599477468930355, 3.0, 4.0, 9.0
Rúbensz Bárikelló, Lekszusz, 5.748623546606481, 3.2753040723411795, 5.604311912231338, 4.0, 3.0, 4.0
Rúbensz Bárikelló, Kilya, 1.2936573988497313, 5.293601417698271, 2.2163741787483016, 5.0, 2.0, 5.0
Kolin Mekrí, Dzsipp, 6.369305776949656, 0.27920930548754996, 0.9152838737229207, 4.0, 3.0, 4.0
Szebásztián Fettel, Kilya, 1.0893189843898565, 3.040904501311256, 8.200845286340865, 1.0, 1.0, 6.0
Májkül Sumaher, Lekszusz, 0.41180219637404036, 7.06566479761924, 1.0768047619308185, 5.0, 2.0, 5.0
Kolin Mekrí, Pözsó, 2.0786888794368954, 1.8494586337305008, 9.50181745353977, 4.0, 3.0, 4.0
Dzsenzon Bátön, Kőnigszeg, 7.0227002189195655, 5.2283667313203495, 4.564516448612088, 1.0, 1.0, 6.0
Szebásztián Fettel, Kilya, 8.227181515284176, 1.0719201903439746, 7.808495053572056, 5.0, 2.0, 5.0
Lújisz Hemilton, Dodzs, 4.004285094870883, 3.361289831649149, 5.4206218004191475, 4.0, 3.0, 4.0
Kimi Rájkőnen, Micubicsi, 3.556899228684646, 4.52428653098405, 0.5397856884360841, 5.0, 2.0, 5.0
Kolin Mekrí, Krájzler, 1.6146483272763734, 0.018008550695225445, 1.638712897431731, 5.0, 2.0, 5.0
Rúbensz Bárikelló, Dzsipp, 7.118706659998018, 3.713913241931551, 5.5721608278437715, 4.0, 3.0, 4.0
Szebásztián Fettel, Béjemvé, 3.686899968328756, 0.5852881352309303, 9.055174396836374, 1.0, 1.0, 6.0
Rúbensz Bárikelló, Rojsz Rojsz, 2.3522797605240777, 0.5962695972326904, 9.380842420418652, 1.0, 1.0, 6.0
Szebásztián Lőb, Dzsipp, 2.3857338445978273, 3.079629774915799, 1.7990418012442977, 8.0, 8.0, 2.0
Szebásztián Fettel, Rojsz Rojsz, 2.3882434671996142, 5.438732861697508, 3.8443858303890996, 1.0, 1.0, 6.0
Dzsenzon Bátön, Lekszusz, 2.0020376983777988, 1.9548114489877666, 6.285447142968254, 1.0, 1.0, 6.0
Dzsenzon Bátön, Pözsó, 6.049982902746446, 9.553939553309794, 1.2966425965391026, 1.0, 1.0, 6.0
Dzsenzon Bátön, Kilya, 2.6869615630666246, 2.369615852830406, 6.596418848353461, 4.0, 3.0, 4.0
Máksz Fersztáppen, Krájzler, 4.354302883701586, 6.281659557568328, 3.906411832523217, 5.0, 2.0, 5.0
Rúbensz Bárikelló, Lekszusz, 2.2031209952556607, 1.9436032703265504, 3.8654732961893377, 4.0, 3.0, 4.0
Lújisz Hemilton, Micubicsi, 6.389946847534985, 0.30183539327828135, 5.303057270569534, 1.0, 1.0, 6.0
Kolin Mekrí, Kilya, 4.638314826885503, 2.029393011193302, 2.3960118791421205, 5.0, 2.0, 5.0
Máksz Fersztáppen, Kőnigszeg, 2.443250153153657, 1.6050558628796296, 7.837978704432478, 5.0, 2.0, 5.0
Kolin Mekrí, Rojsz Rojsz, 1.0718713997080476, 6.7495847348497096, 6.1952636317569185, 1.0, 1.0, 6.0
Máksz Fersztáppen, Béjemvé, 0.2003299127475744, 0.7446972659045847, 5.653457751627497, 1.0, 1.0, 6.0
Dzsenzon Bátön, Kilya, 7.139002737002622, 1.3566217191868135, 0.599604673307792, 3.0, 4.0, 9.0
Dzsenzon Bátön, Kilya, 3.204702139613805, 3.060104379332257, 1.533066576928107, 1.0, 1.0, 6.0
Dzsenzon Bátön, Lekszusz, 0.2989170693469023, 8.029578782504869, 3.6845155605558766, 1.0, 1.0, 6.0
Májkül Sumaher, Rojsz Rojsz, 1.4763149968926592, 0.7367877519314192, 5.899253292446538, 1.0, 1.0, 6.0
Dzsenzon Bátön, Dodzs, 2.468548050314764, 1.4864222575797614, 0.1923111721036952, 7.0, 6.0, 8.0
Kolin Mekrí, Pözsó, 3.086473559799515, 0.8666169900703835, 0.27355012017213354, 5.0, 2.0, 5.0
Rúbensz Bárikelló, Krájzler, 1.3198365055173777, 1.0247968371326943, 6.928021632171397, 4.0, 3.0, 4.0
Szebásztián Fettel, Lekszusz, 3.6206555443955635, 2.1748378071686183, 2.917985228326038, 1.0, 1.0, 6.0
Májkül Sumaher, Krájzler, 4.345807676863961, 1.7666587379280918, 5.571407081250887, 1.0, 1.0, 6.0
Dzsenzon Bátön, Micubicsi, 6.282195604100228, 4.974208975008033, 0.3583431872716103, 1.0, 1.0, 6.0
Szebásztián Fettel, Pözsó, 2.2506163469081297, 1.0404238640899743, 3.3999102240827552, 3.0, 4.0, 9.0
Lújisz Hemilton, Krájzler, 1.4440876507300149, 2.5955451817891784, 8.652067395762083, 1.0, 1.0, 6.0
Lújisz Hemilton, Dzsipp, 5.208493220728709, 3.3814490376807917, 0.583533522769567, 4.0, 3.0, 4.0
Szebásztián Lőb, Krájzler, 0.7794670872255849, 6.9772035431760715, 1.8434462937373253, 8.0, 8.0, 2.0
Máksz Fersztáppen, Béjemvé, 4.9795771491882785, 0.04961994730384944, 4.013158281544449, 8.0, 8.0, 2.0
Májkül Sumaher, Lekszusz, 3.3073084545559226, 7.855196750420448, 0.3769528642968778, 5.0, 2.0, 5.0
Rúbensz Bárikelló, Lekszusz, 1.0503407209390292, 6.2826611316812455, 5.940765819432227, 4.0, 3.0, 4.0
Lújisz Hemilton, Béjemvé, 0.8200317581142413, 1.316121877972617, 3.586554373891765, 3.0, 4.0, 9.0
Kolin Mekrí, Kilya, 3.8175438678257025, 6.537103404625326, 4.660101571791259, 5.0, 2.0, 5.0
Fernándó Álonzó, Micubicsi, 5.370375166914442, 9.404963289030736, 0.467905892191135, 4.0, 3.0, 4.0
Szebásztián Lőb, Krájzler, 2.347900619690104, 5.9179670752350475, 1.0798617974407665, 4.0, 3.0, 4.0
Szebásztián Fettel, Pözsó, 1.4553299888686044, 4.0754688058343405, 0.9305323045401837, 9.0, 9.0, 3.0
Lújisz Hemilton, Lekszusz, 6.559471645726573, 9.488743971048034, 1.0234776574025006, 1.0, 1.0, 6.0
Májkül Sumaher, Dzsipp, 1.5690867980287437, 5.398779570126302, 2.233250669039225, 1.0, 1.0, 6.0
Fernándó Álonzó, Béjemvé, 3.1234547413982705, 0.9459965370674339, 8.379056531945809, 1.0, 1.0, 6.0
Dzsenzon Bátön, Dodzs, 9.03277142376498, 8.785174772422973, 1.0762032552391665, 1.0, 1.0, 6.0
Rúbensz Bárikelló, Dodzs, 9.167858226387368, 1.5936040110060168, 1.7898530705510918, 1.0, 1.0, 6.0
Lújisz Hemilton, Krájzler, 1.9181508470463893, 2.926273381393576, 1.5801437913999383, 4.0, 3.0, 4.0
Szebásztián Fettel, Pözsó, 2.7480322464823494, 4.9083415485574164, 0.3291643499694197, 5.0, 2.0, 5.0
Dzsenzon Bátön, Micubicsi, 0.5726966158839653, 3.759664874838662, 1.196268086543577, 5.0, 2.0, 5.0
Fernándó Álonzó, Béjemvé, 0.7389812120329731, 7.143225399931216, 8.610891421225286, 1.0, 1.0, 6.0
Fernándó Álonzó, Kilya, 2.0001914900568263, 1.1605407859398742, 0.8194629551624566, 1.0, 1.0, 6.0
Máksz Fersztáppen, Krájzler, 0.45341007131030175, 6.147692988894806, 1.3414097421708182, 3.0, 4.0, 9.0
Dzsenzon Bátön, Pözsó, 0.9005444155086462, 0.10363643488164875, 7.3193154879827915, 1.0, 1.0, 6.0
Máksz Fersztáppen, Krájzler, 5.762939870835701, 2.3245247031191028, 6.387117218411058, 4.0, 3.0, 4.0
Máksz Fersztáppen, Dzsipp, 0.5994245436564782, 2.66933879863396, 8.594160979871205, 1.0, 1.0, 6.0
Szebásztián Lőb, Dzsipp, 4.1099182972373205, 5.005766437317972, 5.839945729429513, 1.0, 1.0, 6.0
Dzsenzon Bátön, Micubicsi, 2.4813172753267887, 2.709991311453436, 7.635045820224295, 1.0, 1.0, 6.0
Kolin Mekrí, Krájzler, 1.1382545132691502, 8.323262933751717, 1.2603386139540762, 3.0, 4.0, 9.0
Lújisz Hemilton, Lekszusz, 7.214666822741203, 0.9959314011093501, 0.5144288480907278, 1.0, 1.0, 6.0
Kolin Mekrí, Dodzs, 5.065502483336555, 3.891923183677851, 0.7747504394332738, 1.0, 1.0, 6.0
Lújisz Hemilton, Kilya, 3.569334203898653, 0.1594716234240945, 4.16904433366878, 1.0, 1.0, 6.0
Lújisz Hemilton, Béjemvé, 0.3325039336078828, 1.1133670651502825, 2.9475059835835804, 1.0, 1.0, 6.0
Dzsenzon Bátön, Kőnigszeg, 2.6595957196916533, 5.08631023803349, 0.5960170381602048, 1.0, 1.0, 6.0
Fernándó Álonzó, Micubicsi, 1.3123136005648584, 1.3171027836450744, 0.1369873773938879, 8.0, 8.0, 2.0
Dzsenzon Bátön, Kilya, 1.1871617522446765, 4.633927791540488, 4.620881399781121, 4.0, 3.0, 4.0
Kimi Rájkőnen, Dodzs, 4.9700826679991295, 4.288659770212271, 1.6169629653948925, 4.0, 3.0, 4.0
Lújisz Hemilton, Dzsipp, 3.844507503611224, 1.4463637813840713, 2.424514183080493, 10.0, 10.0, 1.0
Kimi Rájkőnen, Kilya, 6.95942476861564, 4.844776295491101, 2.4907772014877927, 1.0, 1.0, 6.0
Szebásztián Fettel, Dzsipp, 1.2215457598096624, 8.74626100728426, 3.9566499602141825, 5.0, 2.0, 5.0
Máksz Fersztáppen, Pözsó, 1.0310521781156856, 1.1660764213716712, 4.446167874845212, 5.0, 2.0, 5.0
Kolin Mekrí, Micubicsi, 1.6234511075198588, 5.161212584918688, 5.657732299681779, 5.0, 2.0, 5.0
Lújisz Hemilton, Micubicsi, 3.107161826782704, 5.550946315878572, 2.3698170772571245, 4.0, 3.0, 4.0
Rúbensz Bárikelló, Lekszusz, 4.208606879417777, 1.4607754336057543, 1.118804303365103, 4.0, 3.0, 4.0
Szebásztián Lőb, Béjemvé, 7.673511644081015, 3.8654649278638065, 6.658548375851349, 1.0, 1.0, 6.0
Dzsenzon Bátön, Kőnigszeg, 1.9912283364949301, 3.978537045406015, 5.532028131939898, 4.0, 3.0, 4.0
Kimi Rájkőnen, Pözsó, 4.917462454364668, 1.245370249301384, 2.4562745011057405, 5.0, 2.0, 5.0
Szebásztián Fettel, Béjemvé, 2.7044304581771406, 1.6105249300602664, 4.360476639086325, 1.0, 1.0, 6.0
Dzsenzon Bátön, Kilya, 0.728910414641678, 3.4358954548871634, 2.5490727058135896, 1.0, 1.0, 6.0
Szebásztián Fettel, Pözsó, 3.214438016620652, 6.918809013065843, 2.891471899660507, 5.0, 2.0, 5.0
Szebásztián Lőb, Béjemvé, 1.7735521509983387, 0.4383901740527485, 7.091611802315927, 1.0, 1.0, 6.0
Dzsenzon Bátön, Micubicsi, 2.869564863680475, 9.893189799745837, 3.432132233808065, 1.0, 1.0, 6.0
Rúbensz Bárikelló, Krájzler, 0.14310218303048572, 3.6997976345213965, 2.2883314811649647, 3.0, 4.0, 9.0
Kolin Mekrí, Pözsó, 8.734248157287686, 3.3086284973273603, 4.3005492466283926, 1.0, 1.0, 6.0
Rúbensz Bárikelló, Dzsipp, 1.5453145711887484, 8.982690328435186, 1.7115719464212686, 4.0, 3.0, 4.0
Fernándó Álonzó, Pözsó, 1.1764527981180861, 4.568560389212503, 2.881171578737931, 3.0, 4.0, 9.0
Fernándó Álonzó, Dodzs, 1.804896612513991, 9.044969243100079, 2.7019942581766188, 5.0, 2.0, 5.0
Lújisz Hemilton, Krájzler, 1.6259701856448217, 1.0607102831826065, 1.6916427250319, 1.0, 1.0, 6.0
Dzsenzon Bátön, Krájzler, 3.9818172866714265, 2.696865588213945, 0.3009023063746419, 1.0, 1.0, 6.0
Fernándó Álonzó, Krájzler, 2.40821514411919, 2.7073956905306087, 7.642456638029344, 4.0, 3.0, 4.0
Rúbensz Bárikelló, Kilya, 2.4382067914975614, 0.39572006116802894, 1.5176374509611523, 10.0, 10.0, 1.0
Máksz Fersztáppen, Rojsz Rojsz, 2.7293109218620626, 5.949842256929562, 6.5868033112928925, 4.0, 3.0, 4.0
Szebásztián Lőb, Kőnigszeg, 0.8254969529534573, 3.973324501768124, 9.110779782846532, 1.0, 1.0, 6.0
Máksz Fersztáppen, Kőnigszeg, 2.5067448900822398, 1.3905386675727127, 3.4672363015639784, 1.0, 1.0, 6.0
Szebásztián Lőb, Kőnigszeg, 8.41088307382311, 4.149797497611472, 5.254649829000087, 4.0, 3.0, 4.0
Kolin Mekrí, Kilya, 7.5015593238204445, 0.2858885782403009, 2.08258359937751, 1.0, 1.0, 6.0
Lújisz Hemilton, Micubicsi, 8.170802014142417, 2.3682193495479895, 7.045041695422144, 1.0, 1.0, 6.0
Szebásztián Fettel, Lekszusz, 2.025045433978925, 2.5801165617000787, 7.365985949947726, 4.0, 3.0, 4.0
Lújisz Hemilton, Kilya, 1.6866083292806433, 2.9203920474845644, 1.892601937882188, 3.0, 4.0, 9.0
Májkül Sumaher, Micubicsi, 2.671042725974042, 4.9553904920940965, 4.777160675396504, 5.0, 2.0, 5.0
Májkül Sumaher, Krájzler, 7.810874471467883, 0.4587630965205891, 5.532425378286744, 5.0, 2.0, 5.0
Kolin Mekrí, Rojsz Rojsz, 0.6816859322481161, 2.057241348366623, 1.2859293254470783, 1.0, 1.0, 6.0
Fernándó Álonzó, Rojsz Rojsz, 0.41422727271552606, 0.6756204825111711, 2.244013497443081, 4.0, 3.0, 4.0
Rúbensz Bárikelló, Lekszusz, 1.1257629535853775, 1.4049278086299355, 1.372426768733136, 5.0, 2.0, 5.0
Szebásztián Fettel, Dodzs, 5.565524381770688, 1.7591042555799141, 2.3801642897004527, 4.0, 3.0, 4.0
Májkül Sumaher, Lekszusz, 4.928882581803347, 0.07430935380618564, 1.4874818426001946, 3.0, 4.0, 9.0
Máksz Fersztáppen, Pözsó, 3.0113358946001245, 3.5544335399775173, 0.3413158105796954, 4.0, 3.0, 4.0
Dzsenzon Bátön, Micubicsi, 4.709034793151842, 0.030336368082898302, 6.5399792726864945, 3.0, 4.0, 9.0
Májkül Sumaher, Béjemvé, 4.466196795919553, 7.823556915015498, 4.820282707053394, 1.0, 1.0, 6.0
Dzsenzon Bátön, Krájzler, 1.841354344244005, 2.099477422978999, 2.3544960588542097, 1.0, 1.0, 6.0
Fernándó Álonzó, Dodzs, 2.7227470091500052, 1.1786890141969841, 2.789395978923145, 4.0, 3.0, 4.0
Rúbensz Bárikelló, Dzsipp, 6.9784257742733535, 5.946206887245491, 1.9499125961514352, 1.0, 1.0, 6.0
Májkül Sumaher, Dzsipp, 7.600609901458826, 1.5204429926142071, 1.547987331748859, 1.0, 1.0, 6.0
Fernándó Álonzó, Kilya, 6.239549469661732, 1.9197746453038778, 1.3040485049630823, 4.0, 3.0, 4.0
Máksz Fersztáppen, Béjemvé, 0.07680563430383258, 4.26055445984651, 5.147567037019167, 1.0, 1.0, 6.0
Máksz Fersztáppen, Krájzler, 2.9551200371130912, 1.4029869065956002, 2.5290086912942513, 1.0, 1.0, 6.0
Májkül Sumaher, Krájzler, 0.8545060119846903, 2.383908144924315, 2.0860200116177396, 1.0, 1.0, 6.0
Lújisz Hemilton, Kilya, 6.669483811221641, 1.893861053349809, 5.4451536189236105, 5.0, 2.0, 5.0
Lújisz Hemilton, Dodzs, 1.8714145597421894, 7.219131191890742, 2.449268358867631, 1.0, 1.0, 6.0
Kimi Rájkőnen, Béjemvé, 4.151207149078999, 4.268367499414154, 0.9322341736215978, 4.0, 3.0, 4.0
Kimi Rájkőnen, Dzsipp, 1.495078399305586, 3.109862361251352, 3.402636441308451, 4.0, 3.0, 4.0
Kimi Rájkőnen, Krájzler, 7.742833518483172, 5.141814290566558, 0.32175529887698673, 1.0, 1.0, 6.0
Fernándó Álonzó, Krájzler, 1.5957870643553396, 2.075914777439072, 3.32098227023224, 1.0, 1.0, 6.0
Kolin Mekrí, Micubicsi, 1.1064893480352678, 2.7171266229258215, 1.5494846151189279, 5.0, 2.0, 5.0
Kimi Rájkőnen, Micubicsi, 0.8225061151795088, 3.211559047482282, 4.156939392048847, 4.0, 3.0, 4.0
Szebásztián Lőb, Kilya, 8.908588027146441, 1.545139363376713, 2.667490584699971, 5.0, 2.0, 5.0
Kolin Mekrí, Lekszusz, 6.78318011344203, 1.5243199878858948, 2.0559916622120946, 1.0, 1.0, 6.0
Szebásztián Fettel, Pözsó, 5.266845095771265, 0.9548231511386063, 1.2099932683949466, 1.0, 1.0, 6.0
Szebásztián Fettel, Micubicsi, 0.8866795141749639, 1.2030999993277192, 1.5309637195302994, 3.0, 4.0, 9.0
Máksz Fersztáppen, Kilya, 8.19188521976741, 2.9981493167897852, 0.0704755825800285, 1.0, 1.0, 6.0
Kimi Rájkőnen, Rojsz Rojsz, 0.2712034317291101, 6.915423006664408, 1.498757360750702, 4.0, 3.0, 4.0
Fernándó Álonzó, Krájzler, 1.8661158386156729, 3.5700814826117577, 5.612449234589266, 4.0, 3.0, 4.0
Dzsenzon Bátön, Pözsó, 4.408717604855157, 5.741303009369809, 5.127555949978026, 1.0, 1.0, 6.0
Fernándó Álonzó, Krájzler, 5.863793666725447, 4.6464554757985095, 9.063314348552773, 1.0, 1.0, 6.0
Szebásztián Fettel, Micubicsi, 1.1867221694851138, 2.1940607944622856, 2.4239662562717212, 4.0, 3.0, 4.0
Máksz Fersztáppen, Rojsz Rojsz, 1.5797558173429804, 1.5776464109380128, 7.354802852465518, 5.0, 2.0, 5.0
Szebásztián Fettel, Dodzs, 8.886213932888197, 1.0701283605937162, 6.943998746695704, 1.0, 1.0, 6.0
Lújisz Hemilton, Dzsipp, 2.999624027759207, 1.2031889893999104, 5.043540632681909, 1.0, 1.0, 6.0
Lújisz Hemilton, Pözsó, 0.7751629533460802, 1.0164236417907657, 2.3487342402634015, 8.0, 8.0, 2.0
Lújisz Hemilton, Kilya, 0.8419545277129614, 0.1516904685282361, 3.5493843507690914, 5.0, 2.0, 5.0
Kimi Rájkőnen, Kőnigszeg, 1.5238698941633233, 0.7440204544140117, 9.205376579902953, 5.0, 2.0, 5.0
Fernándó Álonzó, Béjemvé, 5.774608527005035, 5.854450410877632, 1.0331872124946917, 1.0, 1.0, 6.0
Rúbensz Bárikelló, Béjemvé, 0.1541283014047934, 8.785212082074963, 1.3174610160934397, 5.0, 2.0, 5.0
Máksz Fersztáppen, Kőnigszeg, 5.480498376576836, 1.7491251721797596, 0.07835012146957698, 5.0, 2.0, 5.0
Máksz Fersztáppen, Béjemvé, 2.8933416162169046E-4, 2.644232504664603, 0.9488661049553926, 3.0, 4.0, 9.0
Szebásztián Lőb, Pözsó, 0.6939474045588123, 1.0673085492087897, 1.681753018970299, 9.0, 9.0, 3.0
Kimi Rájkőnen, Krájzler, 5.608959866183544, 3.4054310139597286, 1.950283996278549, 1.0, 1.0, 6.0
Kolin Mekrí, Micubicsi, 1.9295293629266619, 1.1109416398657923, 4.187863995588241, 1.0, 1.0, 6.0
Dzsenzon Bátön, Dzsipp, 0.3944673610885918, 0.057407453583027124, 1.7347283182289097, 9.0, 9.0, 3.0
Kimi Rájkőnen, Kőnigszeg, 1.7067880302225313, 0.6960252653200827, 6.9391863606801625, 1.0, 1.0, 6.0
Kolin Mekrí, Kőnigszeg, 2.591949855878768, 0.9209333286480059, 3.954686462499116, 5.0, 2.0, 5.0
Kimi Rájkőnen, Dzsipp, 9.579995279292726, 0.7537664599218663, 1.7253443464306928, 1.0, 1.0, 6.0
Kolin Mekrí, Krájzler, 3.612296883177273, 2.7105395519156894, 2.072978727496344, 5.0, 2.0, 5.0
Szebásztián Lőb, Dodzs, 2.40702347766657, 4.983408528836238, 6.570540438303106, 5.0, 2.0, 5.0
Szebásztián Fettel, Béjemvé, 3.1479018723469707, 2.270017454715252, 0.555496159593668, 8.0, 8.0, 2.0
Máksz Fersztáppen, Kőnigszeg, 2.171556009375253, 1.9922839158380423, 1.60801602089509, 3.0, 4.0, 9.0
Szebásztián Lőb, Kilya, 0.1380798751076051, 1.0325915469459779, 0.6398514317747905, 1.0, 1.0, 6.0
Májkül Sumaher, Rojsz Rojsz, 3.7264893245955455, 0.5131777588051678, 0.38661630655666857, 3.0, 4.0, 9.0
Rúbensz Bárikelló, Pözsó, 4.549378210796183, 2.119200570462394, 4.914046447438828, 1.0, 1.0, 6.0
Lújisz Hemilton, Kilya, 2.854358088496763, 1.4918747594378023, 0.5823140489108125, 4.0, 3.0, 4.0
Fernándó Álonzó, Rojsz Rojsz, 5.269718789784308, 0.8804178556185471, 3.1117245892270864, 1.0, 1.0, 6.0
Szebásztián Fettel, Dodzs, 0.020722980587571938, 7.423957230108007, 3.070430772895585, 4.0, 3.0, 4.0
Lújisz Hemilton, Dzsipp, 1.1412827410651993, 9.061667540664663, 1.2847949792017754, 1.0, 1.0, 6.0
Szebásztián Fettel, Pözsó, 1.025739577386633, 2.5772739916212606, 1.915115483521933, 5.0, 2.0, 5.0
Máksz Fersztáppen, Lekszusz, 2.769451892412078, 5.862919925917007, 0.6796413308501414, 3.0, 4.0, 9.0
Kimi Rájkőnen, Kőnigszeg, 3.8279334883404803, 5.506677718194193, 1.2177282931987599, 1.0, 1.0, 6.0
Szebásztián Fettel, Dzsipp, 3.3163086078556034, 2.6216935048110592, 1.5517387191015997, 1.0, 1.0, 6.0
Fernándó Álonzó, Kilya, 0.055209138032766836, 9.706979266738875, 3.230949566921301, 1.0, 1.0, 6.0
Szebásztián Fettel, Micubicsi, 6.634586508356439, 0.5279924957368709, 1.6573092437600767, 3.0, 4.0, 9.0
Kimi Rájkőnen, Kilya, 2.861596368166308, 1.1353236126628363, 1.8930748841821787, 9.0, 9.0, 3.0
Lújisz Hemilton, Kilya, 6.205603476752314, 4.24322262436138, 6.593953512390327, 1.0, 1.0, 6.0
Lújisz Hemilton, Dodzs, 1.639990708820056, 1.2888804887941119, 0.20388267915983915, 4.0, 3.0, 4.0
Májkül Sumaher, Krájzler, 0.06500193037254909, 2.795376855459576, 2.624588202306146, 5.0, 2.0, 5.0
Lújisz Hemilton, Kőnigszeg, 3.734049435515284, 3.7746853877559126, 0.1578964015806883, 5.0, 2.0, 5.0
Lújisz Hemilton, Pözsó, 0.7087758018435464, 1.3050711894346045, 8.457199043137955, 1.0, 1.0, 6.0
Fernándó Álonzó, Krájzler, 2.733665182603202, 3.719852015344105, 5.404285592232192, 1.0, 1.0, 6.0
Kimi Rájkőnen, Dodzs, 2.5486389246949805, 6.929314416033252, 3.6353035353778704, 1.0, 1.0, 6.0
Szebásztián Fettel, Kőnigszeg, 1.0463473060053385, 8.318770122926326, 2.8613605008920215, 5.0, 2.0, 5.0
Kimi Rájkőnen, Rojsz Rojsz, 0.834412842695107, 2.2797702883914575, 6.723267968825958, 3.0, 4.0, 9.0
Máksz Fersztáppen, Dodzs, 1.5378961648253675, 1.3985265676534153, 6.364320344068943, 1.0, 1.0, 6.0
Kimi Rájkőnen, Rojsz Rojsz, 4.46077225611756, 8.303208582392083, 2.194302885132491, 1.0, 1.0, 6.0
Rúbensz Bárikelló, Kilya, 2.810733223765899, 1.833610866168125, 0.842074835194998, 1.0, 1.0, 6.0
Kolin Mekrí, Rojsz Rojsz, 3.1801317619797564, 1.0844174877528323, 6.951141377096607, 1.0, 1.0, 6.0
Fernándó Álonzó, Kőnigszeg, 7.195704995443489, 2.6972205883353197, 6.217353314381349, 1.0, 1.0, 6.0
Lújisz Hemilton, Béjemvé, 6.357608964252844, 2.458134746679972, 3.5548902398102866, 4.0, 3.0, 4.0
Máksz Fersztáppen, Dzsipp, 1.7279681278505432, 1.1652874231140287, 0.4246658006233073, 5.0, 2.0, 5.0
Rúbensz Bárikelló, Dodzs, 5.983661701501965, 1.86070091082985, 7.456631527197663, 5.0, 2.0, 5.0
Szebásztián Fettel, Dzsipp, 1.0508052828658743, 1.8241061354346255, 8.074848727250512, 5.0, 2.0, 5.0
Májkül Sumaher, Kilya, 7.666997201377999, 0.910418019794913, 0.18189347040804993, 4.0, 3.0, 4.0
Máksz Fersztáppen, Kilya, 0.16956931257387953, 3.338574755835312, 6.864007433117138, 5.0, 2.0, 5.0
Dzsenzon Bátön, Béjemvé, 5.34347572734324, 3.3251979237482834, 1.7686219412106985, 5.0, 2.0, 5.0
Máksz Fersztáppen, Kilya, 0.24422740532805465, 0.3400962775321703, 7.491053333909891, 4.0, 3.0, 4.0
Máksz Fersztáppen, Micubicsi, 0.45290942073025864, 5.537528204717207, 1.3056522909791923, 4.0, 3.0, 4.0
Szebásztián Fettel, Dodzs, 1.577064798737926, 1.591117295124892, 4.422229956105973, 8.0, 8.0, 2.0
Szebásztián Lőb, Pözsó, 4.23406812662587, 0.16256775497045073, 6.466523179708644, 5.0, 2.0, 5.0
Szebásztián Fettel, Pözsó, 0.1530845190598018, 1.0151202323101838, 6.307721592972984, 4.0, 3.0, 4.0
Szebásztián Lőb, Rojsz Rojsz, 2.3772299231889296, 0.47155998718479863, 0.9067509047795963, 1.0, 1.0, 6.0
Májkül Sumaher, Rojsz Rojsz, 1.2902639920101522, 4.951198010843573, 0.6662126873437246, 1.0, 1.0, 6.0
Kolin Mekrí, Pözsó, 5.837469860617912, 3.900742748931915, 1.1797542120281224, 4.0, 3.0, 4.0
Kolin Mekrí, Krájzler, 5.985864178898264, 1.1841706646477423, 0.4789572820011989, 4.0, 3.0, 4.0
Kolin Mekrí, Kőnigszeg, 5.541248871218989, 1.412813791761438, 0.0010113185493410004, 1.0, 1.0, 6.0
Kolin Mekrí, Rojsz Rojsz, 1.505779202871128, 4.079401123737131, 3.0123064905857797, 5.0, 2.0, 5.0
Májkül Sumaher, Krájzler, 0.33794768436333666, 0.43419692287032796, 1.5603815479307959, 3.0, 4.0, 9.0
Lújisz Hemilton, Micubicsi, 3.0794839802368488, 0.7179009472310727, 1.2754214326822266, 1.0, 1.0, 6.0
Fernándó Álonzó, Kőnigszeg, 0.11740543272219961, 4.719578139100591, 4.011771088279924, 4.0, 3.0, 4.0
Dzsenzon Bátön, Pözsó, 0.21151740096998717, 7.418108038303259, 3.182575177017891, 5.0, 2.0, 5.0
Máksz Fersztáppen, Kilya, 1.4050061446768503, 1.3888121830607913, 0.07659253853032344, 5.0, 2.0, 5.0
Májkül Sumaher, Dodzs, 2.1655290357120025, 0.9352972507211399, 2.294011664543021, 8.0, 8.0, 2.0
Fernándó Álonzó, Dzsipp, 1.6693204924182192, 1.9730189371322326, 0.5859301159213792, 1.0, 1.0, 6.0
Máksz Fersztáppen, Dodzs, 0.09141472568201081, 3.1587682138852524, 2.670902120605155, 5.0, 2.0, 5.0
Szebásztián Fettel, Rojsz Rojsz, 2.76341481501974, 2.4380839930149376, 0.8891537079384682, 4.0, 3.0, 4.0
Máksz Fersztáppen, Pözsó, 1.5223957343261985, 1.9009589814212546, 4.90512687902887, 8.0, 8.0, 2.0
Szebásztián Lőb, Kilya, 7.0559843370908535, 1.5862807851743277, 2.385065141946492, 5.0, 2.0, 5.0
Kimi Rájkőnen, Kőnigszeg, 0.3194052425434202, 9.829005075163348, 0.809785450230428, 5.0, 2.0, 5.0
Szebásztián Lőb, Micubicsi, 4.363168567552467, 4.9995566795369415, 2.4183001660050807, 5.0, 2.0, 5.0
Májkül Sumaher, Lekszusz, 7.767168150184315, 0.2593988096602484, 0.029599252920355923, 1.0, 1.0, 6.0
Kimi Rájkőnen, Rojsz Rojsz, 5.982747288709602, 4.905422813914972, 0.053228674267769005, 5.0, 2.0, 5.0
Kolin Mekrí, Dzsipp, 0.9875592242188624, 4.446976498190435, 1.2502008353181016, 4.0, 3.0, 4.0
Szebásztián Fettel, Rojsz Rojsz, 0.43770268888345454, 0.7845354721912312, 0.5974706416366349, 5.0, 2.0, 5.0
Szebásztián Lőb, Lekszusz, 5.230510791723761, 4.131856691986827, 7.218926373738549, 4.0, 3.0, 4.0
Fernándó Álonzó, Dzsipp, 3.691797679280856, 4.476671805490651, 1.6658840065594505, 4.0, 3.0, 4.0
Fernándó Álonzó, Béjemvé, 3.675347757236509, 3.3140466484743945, 4.772878816227663, 5.0, 2.0, 5.0
Fernándó Álonzó, Kilya, 8.232560176304677, 0.3296759018651074, 0.5640406969075973, 5.0, 2.0, 5.0
Dzsenzon Bátön, Béjemvé, 0.19041508630673887, 1.4008811497480578, 2.7151711490331243, 1.0, 1.0, 6.0
Dzsenzon Bátön, Micubicsi, 2.4517427221183774, 3.4159014736890936, 5.34031725545454, 1.0, 1.0, 6.0
Szebásztián Fettel, Micubicsi, 3.5760309966179396, 5.554525429783574, 5.963496735396507, 4.0, 3.0, 4.0
Kolin Mekrí, Micubicsi, 1.9237136262561139, 0.4416895450982927, 1.6922334184744992, 1.0, 1.0, 6.0
Kimi Rájkőnen, Béjemvé, 1.0133691970030068, 3.848628622064708, 5.597203851827498, 1.0, 1.0, 6.0
Szebásztián Lőb, Micubicsi, 7.583687722935063, 7.246844594072953, 0.022662870744579733, 4.0, 3.0, 4.0
Fernándó Álonzó, Kőnigszeg, 1.9851863727790264, 2.729954570097787, 0.535320675021187, 1.0, 1.0, 6.0
Lújisz Hemilton, Lekszusz, 6.219046875854283, 8.974713683990554, 4.01117968353682, 4.0, 3.0, 4.0
Májkül Sumaher, Béjemvé, 5.744103829253913, 1.6110938447655243, 1.8408914595708026, 1.0, 1.0, 6.0
Májkül Sumaher, Dodzs, 0.21774695693827395, 5.564234051419889, 3.569169050332166, 8.0, 8.0, 2.0
Májkül Sumaher, Lekszusz, 1.1249974818891495, 9.449248214149359, 4.7501991932499585, 1.0, 1.0, 6.0
Lújisz Hemilton, Kőnigszeg, 5.717670952664909, 0.045374895616422384, 1.8044323092526382, 3.0, 4.0, 9.0
Szebásztián Fettel, Béjemvé, 0.5919630494435535, 8.358304865873013, 1.588942299349898, 1.0, 1.0, 6.0
Szebásztián Lőb, Dodzs, 3.7222214979835524, 0.560182106647843, 6.598603861960589, 1.0, 1.0, 6.0
Máksz Fersztáppen, Micubicsi, 2.502425735610705, 7.983756325066657, 0.7577273718468991, 4.0, 3.0, 4.0
Máksz Fersztáppen, Dodzs, 2.598821583109511, 8.626858287857665, 0.8819406222920678, 1.0, 1.0, 6.0
Rúbensz Bárikelló, Rojsz Rojsz, 0.10329307388870168, 2.536877788890753, 3.6858548168373018, 10.0, 10.0, 1.0
Lújisz Hemilton, Micubicsi, 2.038617928397226, 4.976933705525491, 4.884291532355367, 1.0, 1.0, 6.0
Májkül Sumaher, Micubicsi, 0.27527247406862076, 6.46229500925263, 0.2006564739420802, 4.0, 3.0, 4.0
Lújisz Hemilton, Dodzs, 4.870398909672417, 8.605953188568845, 3.90122023736043, 1.0, 1.0, 6.0
Szebásztián Lőb, Dzsipp, 4.836568334693657, 2.7884677387248247, 1.2604826521442092, 1.0, 1.0, 6.0
Fernándó Álonzó, Dodzs, 3.977773998915156, 4.193628957812287, 1.8922099530559577, 4.0, 3.0, 4.0
Lújisz Hemilton, Kőnigszeg, 2.9532384959427374, 5.008454243329778, 2.2130792014919054, 5.0, 2.0, 5.0
Szebásztián Fettel, Dzsipp, 8.693625845994937, 1.4482816433761991, 5.278712391069602, 1.0, 1.0, 6.0
Fernándó Álonzó, Kőnigszeg, 3.4400982648378764, 0.2962742928835371, 6.931789892960426, 1.0, 1.0, 6.0
Szebásztián Fettel, Dodzs, 5.20981034967349, 2.833842565112177, 0.2747432613464651, 4.0, 3.0, 4.0
Máksz Fersztáppen, Krájzler, 2.7601811833088687, 1.9369723060028987, 8.97626066191773, 1.0, 1.0, 6.0
Rúbensz Bárikelló, Rojsz Rojsz, 5.8736115679264875, 3.606529297741081, 4.136202954115977, 1.0, 1.0, 6.0
Lújisz Hemilton, Kőnigszeg, 5.181504546927876, 1.1627994701688227, 0.44392215360167686, 8.0, 8.0, 2.0
Dzsenzon Bátön, Pözsó, 0.41213639004054836, 0.19452140658471007, 1.3967819820099059, 8.0, 8.0, 2.0
Szebásztián Lőb, Micubicsi, 1.0663641864468099, 9.013509897626411, 0.34462789961126505, 5.0, 2.0, 5.0
Lújisz Hemilton, Pözsó, 2.0839435821440166, 4.200902617938515, 3.784491903713988, 1.0, 1.0, 6.0
Kimi Rájkőnen, Rojsz Rojsz, 2.746672035332324, 6.395418334810561, 3.3428400334233843, 5.0, 2.0, 5.0
Máksz Fersztáppen, Pözsó, 1.7928893705553217, 5.404452736532898, 4.683416348234904, 5.0, 2.0, 5.0
Fernándó Álonzó, Rojsz Rojsz, 2.920231724461283, 6.435744251398758, 4.196372204147288, 1.0, 1.0, 6.0
Fernándó Álonzó, Béjemvé, 0.4991974213497785, 3.1866202230810545, 0.9331176019798504, 5.0, 2.0, 5.0
Lújisz Hemilton, Kilya, 0.7540666462381274, 1.4271017923005225, 1.2849270590602435, 8.0, 8.0, 2.0
Fernándó Álonzó, Béjemvé, 6.395667778259281, 1.5873633204179816, 1.8149042941212756, 1.0, 1.0, 6.0
Májkül Sumaher, Dodzs, 2.761405807617121, 2.3048666269071525, 2.2475416744408436, 1.0, 1.0, 6.0
Fernándó Álonzó, Krájzler, 2.9942139756863617, 8.162876931408231, 2.3426581907268664, 1.0, 1.0, 6.0
Kolin Mekrí, Krájzler, 2.096244492453935, 1.1562821646579913, 6.613058457964621, 1.0, 1.0, 6.0
Dzsenzon Bátön, Krájzler, 8.412443574178083, 3.3081950634473047, 2.4347050445933736, 5.0, 2.0, 5.0
Dzsenzon Bátön, Krájzler, 2.8084716598806416, 6.9412737679750816, 0.7836102426765246, 5.0, 2.0, 5.0
Rúbensz Bárikelló, Krájzler, 0.7301414520832539, 0.1549424132834143, 0.2924998728795858, 4.0, 3.0, 4.0
Kolin Mekrí, Krájzler, 2.9975218686000007, 3.9305409657269177, 0.2567773232103632, 5.0, 2.0, 5.0
Lújisz Hemilton, Krájzler, 6.59169641222171, 2.784827994639003, 0.9948868086516671, 5.0, 2.0, 5.0
Fernándó Álonzó, Lekszusz, 2.0406787794205106, 4.283102058162186, 5.785469478466211, 1.0, 1.0, 6.0
Fernándó Álonzó, Lekszusz, 2.8967286263918632, 3.2119072646004643, 1.8912392352648666, 4.0, 3.0, 4.0
Lújisz Hemilton, Dzsipp, 0.32384782694710457, 3.879767889581215, 2.258058718124867, 10.0, 10.0, 1.0
Szebásztián Lőb, Micubicsi, 3.354073950084686, 6.537828074764095, 5.848778169935774, 4.0, 3.0, 4.0
Kolin Mekrí, Krájzler, 4.195275013158767, 1.4897889703595846, 3.7027138535805526, 1.0, 1.0, 6.0
Rúbensz Bárikelló, Lekszusz, 7.671392022467733, 0.5016266244579559, 4.640449665206827, 1.0, 1.0, 6.0
Szebásztián Lőb, Dodzs, 2.9711176578707468, 2.7332617162286477, 5.0075589324842475, 4.0, 3.0, 4.0
Fernándó Álonzó, Pözsó, 5.998209884308787, 6.865391036889386, 0.9841909535089477, 5.0, 2.0, 5.0
Rúbensz Bárikelló, Béjemvé, 0.04628917851575598, 2.6571072410959404, 5.147517949213492, 1.0, 1.0, 6.0
Lújisz Hemilton, Lekszusz, 4.200238412738044, 6.643871273119569, 2.494462791997539, 1.0, 1.0, 6.0
Kimi Rájkőnen, Kőnigszeg, 2.629734577299913, 2.7235929608037046, 9.29475012534996, 1.0, 1.0, 6.0
Fernándó Álonzó, Lekszusz, 0.8921138700689246, 0.6148151878075936, 4.225911082636992, 1.0, 1.0, 6.0
Fernándó Álonzó, Dzsipp, 7.702452943252988, 0.32212288558347013, 3.7444276230427764, 5.0, 2.0, 5.0
Rúbensz Bárikelló, Pözsó, 4.526584342001167, 4.823975205956153, 1.2514290430808994, 1.0, 1.0, 6.0
Dzsenzon Bátön, Dzsipp, 9.743332834670005, 2.227601182458847, 1.3343242744493833, 4.0, 3.0, 4.0
Májkül Sumaher, Pözsó, 0.9675409585943862, 0.5234318964231566, 0.5523957205828955, 3.0, 4.0, 9.0
Máksz Fersztáppen, Dzsipp, 4.7521454769789955, 3.4551308186482688, 3.6250716348290144, 1.0, 1.0, 6.0
Rúbensz Bárikelló, Lekszusz, 3.9103521126726815, 2.7304407265049258, 1.6718130935874542, 5.0, 2.0, 5.0
Rúbensz Bárikelló, Micubicsi, 1.6897964697594792, 2.49632873163527, 3.1100598639521717, 8.0, 8.0, 2.0
Máksz Fersztáppen, Dzsipp, 4.583427219981799, 0.8439867852960103, 0.16694391220256177, 1.0, 1.0, 6.0
Kolin Mekrí, Dodzs, 3.8204592569823537, 1.2137886529289843, 0.011691454806114221, 3.0, 4.0, 9.0
Máksz Fersztáppen, Rojsz Rojsz, 4.540751501212012, 4.806925850048627, 5.4163471258259355, 1.0, 1.0, 6.0
Májkül Sumaher, Béjemvé, 5.5240838087085145, 0.8253174597836199, 1.297535946583387, 8.0, 8.0, 2.0
Kimi Rájkőnen, Rojsz Rojsz, 1.298188459975963, 6.109261707032089, 0.41013860455874074, 4.0, 3.0, 4.0
Kimi Rájkőnen, Kőnigszeg, 0.7643603938570098, 3.3737307543322457, 3.800717263422584, 5.0, 2.0, 5.0
Rúbensz Bárikelló, Micubicsi, 7.379842877789905, 2.902789685475571, 1.2225134750406796, 5.0, 2.0, 5.0
Szebásztián Fettel, Dodzs, 3.1220517011885485, 1.4618539663619423, 0.7172708845536224, 3.0, 4.0, 9.0
Májkül Sumaher, Rojsz Rojsz, 2.1143730722821474, 0.40937969124333673, 0.704166569547533, 4.0, 3.0, 4.0
Máksz Fersztáppen, Kőnigszeg, 0.42604829925771304, 3.8062397149461713, 0.8598530855246866, 1.0, 1.0, 6.0
Kolin Mekrí, Rojsz Rojsz, 1.648647310939576, 1.0264938682718538, 0.7965511877634068, 5.0, 2.0, 5.0
Máksz Fersztáppen, Béjemvé, 4.728452843725871, 6.330843963299896, 0.20526361723340103, 1.0, 1.0, 6.0
Dzsenzon Bátön, Krájzler, 0.00808273349853339, 1.704156810609495, 1.0172060380434467, 5.0, 2.0, 5.0
Májkül Sumaher, Micubicsi, 2.5093083878878564, 4.540624036787474, 4.369376785843826, 5.0, 2.0, 5.0
Szebásztián Lőb, Dodzs, 0.6243254285024313, 3.561078694002288, 2.943230827561465, 1.0, 1.0, 6.0
Lújisz Hemilton, Dodzs, 2.645757999498073, 3.5631177553476667, 1.3186042637041995, 4.0, 3.0, 4.0
Lújisz Hemilton, Kőnigszeg, 4.392274642888845, 0.34448576627873484, 4.954455120644523, 4.0, 3.0, 4.0
Rúbensz Bárikelló, Pözsó, 3.6813511407322697, 3.321070038715699, 4.303523211542569, 1.0, 1.0, 6.0
Kolin Mekrí, Micubicsi, 4.620994065625621, 1.9147590568926676, 3.3485013802527455, 5.0, 2.0, 5.0
Rúbensz Bárikelló, Béjemvé, 0.39806302935716964, 1.4363426839944848, 1.1957240444568518, 5.0, 2.0, 5.0
Szebásztián Fettel, Kőnigszeg, 5.824461521064574, 2.2337400733081925, 5.000380537561053, 5.0, 2.0, 5.0
Lújisz Hemilton, Kilya, 0.480761940206752, 9.37560797271417, 0.8513662699976554, 5.0, 2.0, 5.0
Dzsenzon Bátön, Kőnigszeg, 6.816364773791998, 4.308381523106734, 4.234211181378723, 5.0, 2.0, 5.0
Fernándó Álonzó, Krájzler, 0.9314165882510017, 6.134482310367526, 3.3643043472826015, 1.0, 1.0, 6.0
Fernándó Álonzó, Dodzs, 3.1651049745479054, 4.151491648328531, 1.7454478329821488, 4.0, 3.0, 4.0
Szebásztián Fettel, Dzsipp, 6.81346277340581, 0.14930707747557226, 5.066669850845747, 1.0, 1.0, 6.0
Kolin Mekrí, Lekszusz, 4.017652813178374, 0.3693642351365467, 2.3268676082249318, 1.0, 1.0, 6.0
Szebásztián Lőb, Dodzs, 3.8280539293630733, 3.143549721582483, 1.0592414567973119, 1.0, 1.0, 6.0
Szebásztián Fettel, Kilya, 9.495858829280792, 9.773231872613918, 0.7586367255945647, 1.0, 1.0, 6.0
Májkül Sumaher, Krájzler, 5.3862860205113385, 3.8133493430639707, 3.623657756239539, 1.0, 1.0, 6.0
Szebásztián Fettel, Dzsipp, 0.3082017788842384, 1.5543630692072519, 1.8925618994500426, 8.0, 8.0, 2.0
Szebásztián Fettel, Kilya, 0.7751847509087695, 6.762213314374051, 4.4352095303922665, 5.0, 2.0, 5.0
Rúbensz Bárikelló, Kőnigszeg, 5.713701174801987, 1.508090738955823, 5.933306873172315, 3.0, 4.0, 9.0
Máksz Fersztáppen, Lekszusz, 0.5316330933621793, 1.2277746012549484, 2.4292193859407063, 3.0, 4.0, 9.0
Máksz Fersztáppen, Pözsó, 0.8812043695663951, 9.523839983254627, 7.712850320369631, 4.0, 3.0, 4.0
Rúbensz Bárikelló, Dzsipp, 0.3864812346537372, 7.6614114502748425, 2.8135078784709897, 1.0, 1.0, 6.0
Máksz Fersztáppen, Krájzler, 5.8569705014021345, 3.6462222967045896, 5.540516074608792, 1.0, 1.0, 6.0
Májkül Sumaher, Lekszusz, 2.4172306142609026, 1.9546713372123448, 6.121118457872974, 5.0, 2.0, 5.0
Szebásztián Fettel, Micubicsi, 4.038235958486771, 4.780856869990227, 0.8345598559607847, 5.0, 2.0, 5.0
Szebásztián Lőb, Lekszusz, 3.4851027083168082, 3.8633080237632464, 4.342356534223557, 5.0, 2.0, 5.0
Szebásztián Fettel, Pözsó, 2.303596530300519, 5.252904221709544, 1.9190203421681773, 1.0, 1.0, 6.0
Rúbensz Bárikelló, Lekszusz, 4.182349234529136, 0.4165052961304727, 0.13444037075306725, 5.0, 2.0, 5.0
Szebásztián Lőb, Béjemvé, 0.23407270733868057, 1.3258215190418332, 1.1182447849241994, 1.0, 1.0, 6.0
Májkül Sumaher, Lekszusz, 0.2121624838260583, 3.0701807594557606, 9.132430440225573, 4.0, 3.0, 4.0
Rúbensz Bárikelló, Pözsó, 4.11034122306747, 0.7012421653335854, 1.5371006121937791, 5.0, 2.0, 5.0
Rúbensz Bárikelló, Béjemvé, 0.7433990373863342, 2.9113885128678882, 0.20767464026146154, 8.0, 8.0, 2.0
Szebásztián Fettel, Rojsz Rojsz, 1.5176442550267621, 9.064923257986758, 1.543243803468447, 1.0, 1.0, 6.0
Szebásztián Lőb, Dzsipp, 4.920782300277705, 1.6356967044815751, 4.885212470823312, 1.0, 1.0, 6.0
Lújisz Hemilton, Pözsó, 1.5612379187244518, 4.269167865039334, 9.635212078722176, 4.0, 3.0, 4.0
Dzsenzon Bátön, Krájzler, 6.0672813336023825, 0.43857403844311915, 3.521726965403378, 1.0, 1.0, 6.0
Kolin Mekrí, Pözsó, 4.997186304855996, 3.8431983232060762, 2.2325471731331925, 1.0, 1.0, 6.0
Szebásztián Lőb, Pözsó, 0.04790561480553679, 3.4463280024721845, 2.2733371509471723, 4.0, 3.0, 4.0
Májkül Sumaher, Dodzs, 4.310826370073971, 0.39352474293075423, 3.1132305324349363, 4.0, 3.0, 4.0
Májkül Sumaher, Micubicsi, 3.952361627895058, 1.0704794922394079, 6.3019814830529555, 5.0, 2.0, 5.0
Fernándó Álonzó, Pözsó, 5.03777917614439, 0.5695276695919382, 9.07454601920211, 5.0, 2.0, 5.0
Lújisz Hemilton, Béjemvé, 1.0162378934778926, 3.7508693656499137, 8.361149610299227, 1.0, 1.0, 6.0
Májkül Sumaher, Béjemvé, 5.788854961628672, 0.14266721450345465, 7.773479931177941, 5.0, 2.0, 5.0
Máksz Fersztáppen, Kilya, 1.5032071847262862, 0.6116604965385453, 5.4719448763992276, 4.0, 3.0, 4.0
Rúbensz Bárikelló, Kilya, 5.010189335433951, 2.213343142527463, 6.617824821252178, 1.0, 1.0, 6.0
Májkül Sumaher, Krájzler, 4.156140965058106, 0.5113433057409844, 0.1816030729225293, 4.0, 3.0, 4.0
Dzsenzon Bátön, Krájzler, 0.8469946318444288, 6.220289848810202, 2.544477511745308, 1.0, 1.0, 6.0
Szebásztián Fettel, Dzsipp, 2.9742667127347544, 9.863704558170292, 1.6697826926945591, 1.0, 1.0, 6.0
Kimi Rájkőnen, Rojsz Rojsz, 2.979336811660672, 6.846375256375843, 1.7171136260734654, 5.0, 2.0, 5.0
Szebásztián Lőb, Kilya, 0.08666951971364134, 0.8233680595574389, 2.4600671955644104, 4.0, 3.0, 4.0
Májkül Sumaher, Pözsó, 2.258305951250812, 5.684883988844574, 7.214462731717493, 1.0, 1.0, 6.0
Kimi Rájkőnen, Dzsipp, 6.509804360990886, 2.0451927896708444, 0.6531617305558923, 4.0, 3.0, 4.0
Szebásztián Fettel, Krájzler, 4.72939113117533, 2.3336673078228207, 3.8938639183146107, 1.0, 1.0, 6.0
Fernándó Álonzó, Kilya, 3.4755643923718393, 6.582236506967707, 1.3956307418169867, 4.0, 3.0, 4.0
Máksz Fersztáppen, Pözsó, 1.2131982084207626, 4.299030662882029, 2.079536547357337, 1.0, 1.0, 6.0
Kimi Rájkőnen, Pözsó, 1.7023942041116558, 4.586093190275663, 4.115845887691991, 3.0, 4.0, 9.0
Dzsenzon Bátön, Micubicsi, 2.5877881635354694, 5.053590140290218, 3.4084469638115666, 5.0, 2.0, 5.0
Lújisz Hemilton, Dodzs, 3.038542382178524, 0.245354577520287, 5.1859366807176315, 1.0, 1.0, 6.0
Kimi Rájkőnen, Kilya, 2.817518844913508, 6.861054657151198, 1.5017128411785607, 1.0, 1.0, 6.0
Máksz Fersztáppen, Béjemvé, 0.6300977992026613, 0.5036776406312526, 6.235680944995524, 1.0, 1.0, 6.0
Szebásztián Fettel, Dzsipp, 0.8135868686410974, 1.051238951250446, 2.6071297972988616, 3.0, 4.0, 9.0
Kolin Mekrí, Rojsz Rojsz, 0.6230091054486508, 1.4098869983944184, 1.7512205983032059, 8.0, 8.0, 2.0
Fernándó Álonzó, Kilya, 2.482849480195747, 1.7711962938455317, 9.127479260006126, 1.0, 1.0, 6.0
Fernándó Álonzó, Dzsipp, 0.4724090145051696, 1.4343504091813253, 0.60711155012243, 3.0, 4.0, 9.0
Szebásztián Lőb, Kőnigszeg, 3.645094479941667, 3.1560627447047174, 5.537939439668438, 5.0, 2.0, 5.0
Fernándó Álonzó, Dodzs, 0.3374955431244464, 0.5876944162108078, 7.845239715231801, 1.0, 1.0, 6.0
Kimi Rájkőnen, Béjemvé, 1.8010695273601451, 2.222907107548402, 2.525734968341867, 1.0, 1.0, 6.0
Szebásztián Lőb, Rojsz Rojsz, 0.23281373209935285, 4.742633397940871, 1.3663400127788583, 4.0, 3.0, 4.0
Lújisz Hemilton, Dzsipp, 1.6793472238496576, 2.186523087710955, 0.4740696272888223, 5.0, 2.0, 5.0
Fernándó Álonzó, Béjemvé, 0.2151786888050622, 5.131137392709199, 5.579409808934517, 4.0, 3.0, 4.0
Kolin Mekrí, Béjemvé, 1.5120904402998359, 0.859574070147402, 5.853670173513766, 8.0, 8.0, 2.0
Szebásztián Lőb, Dzsipp, 4.295487036864517, 0.2448153174850931, 1.3126638985661676, 4.0, 3.0, 4.0
Szebásztián Fettel, Krájzler, 0.7748712504165911, 1.9851495845241052, 1.5508509698721684, 5.0, 2.0, 5.0
Szebásztián Fettel, Lekszusz, 0.9827649014318596, 5.083769988982347, 1.493567026355267, 3.0, 4.0, 9.0
Kimi Rájkőnen, Krájzler, 0.42478774318949086, 2.009802878818138, 1.5035594510874262, 5.0, 2.0, 5.0
Rúbensz Bárikelló, Krájzler, 6.000196557108084, 0.14919305792475246, 2.740018145094345, 4.0, 3.0, 4.0
Lújisz Hemilton, Dodzs, 6.768501794831665, 2.026750576820314, 2.6543329909629962, 1.0, 1.0, 6.0
Máksz Fersztáppen, Béjemvé, 9.780222742841039, 1.6351783880576598, 3.0794371274039856, 5.0, 2.0, 5.0
Rúbensz Bárikelló, Dodzs, 3.364307177141691, 3.744270252675881, 3.0541206262297793, 1.0, 1.0, 6.0
Rúbensz Bárikelló, Micubicsi, 0.5322607658446776, 6.139229132415693, 5.127076377612656, 5.0, 2.0, 5.0
Lújisz Hemilton, Dodzs, 4.449647500506959, 2.13304244327524, 2.2754649428538984, 4.0, 3.0, 4.0
Lújisz Hemilton, Dzsipp, 0.28073619439899944, 7.37622107991799, 0.8638270391756298, 4.0, 3.0, 4.0
Szebásztián Lőb, Dzsipp, 3.654877046369297, 4.973626099576352, 6.0400285927021455, 1.0, 1.0, 6.0
Dzsenzon Bátön, Dzsipp, 1.8171595325407863, 4.950455372483344, 1.1570027013101836, 5.0, 2.0, 5.0
Kolin Mekrí, Krájzler, 3.0760352523076984, 8.292879778219053, 0.733797473633897, 4.0, 3.0, 4.0
Rúbensz Bárikelló, Pözsó, 3.9707430631303877, 0.5363667164642894, 9.465170475854771, 1.0, 1.0, 6.0
Szebásztián Fettel, Micubicsi, 5.902474486003562, 6.719607804195878, 1.9459411829548823, 1.0, 1.0, 6.0
Kimi Rájkőnen, Krájzler, 1.5345652700216972, 7.6350463642687005, 8.79293505133815, 1.0, 1.0, 6.0
Kolin Mekrí, Dzsipp, 9.918200909731894, 2.9629961344056523, 1.2630891486960438, 1.0, 1.0, 6.0
Kimi Rájkőnen, Krájzler, 1.0614164824799677, 0.9196580095552587, 5.742069596505398, 4.0, 3.0, 4.0
Dzsenzon Bátön, Pözsó, 6.297085231602686, 4.188198860359533, 1.9028095117484578, 1.0, 1.0, 6.0
Kolin Mekrí, Béjemvé, 0.509674995578624, 3.197776412562056, 1.9196926537006143, 1.0, 1.0, 6.0
Szebásztián Fettel, Dodzs, 2.9591740717520345, 2.7505553614592184, 2.6837068681115706, 3.0, 4.0, 9.0
Kolin Mekrí, Lekszusz, 1.200404741122717, 4.549229256224643, 1.0671599393804987, 4.0, 3.0, 4.0
Lújisz Hemilton, Lekszusz, 5.369626406022892, 0.6448774767114118, 5.987584953298711, 1.0, 1.0, 6.0
Szebásztián Lőb, Pözsó, 2.5876861763248127, 1.1121667866694795, 1.2528301020903254, 8.0, 8.0, 2.0
Kimi Rájkőnen, Dodzs, 0.4675029148610177, 4.479280366519824, 0.40241314969166164, 4.0, 3.0, 4.0
Szebásztián Lőb, Kőnigszeg, 3.3353567784712714, 0.2611126400815611, 1.897967899072528, 8.0, 8.0, 2.0
Lújisz Hemilton, Lekszusz, 6.918441441638429, 1.8434100218658256, 0.21149790192054208, 1.0, 1.0, 6.0
Lújisz Hemilton, Dodzs, 0.2898181356089624, 5.781697679487464, 0.2544559458843676, 7.0, 6.0, 8.0
Kimi Rájkőnen, Dodzs, 0.04595824593715103, 6.713015688489186, 5.352284930113993, 5.0, 2.0, 5.0
Fernándó Álonzó, Micubicsi, 0.9232479967257212, 8.905644882676562, 1.1975275035489752, 5.0, 2.0, 5.0
Lújisz Hemilton, Kilya, 2.8466399690102637, 2.782590956527915, 3.0616412221592713, 5.0, 2.0, 5.0
Lújisz Hemilton, Kőnigszeg, 3.2432190147936812, 5.015282525978812, 3.7738406573735417, 5.0, 2.0, 5.0
Fernándó Álonzó, Dzsipp, 4.6444894132139805, 2.5572967424087736, 2.5898427656238123, 5.0, 2.0, 5.0
Rúbensz Bárikelló, Kilya, 4.593612474740772, 4.091656731398126, 5.485831773260184, 1.0, 1.0, 6.0
Rúbensz Bárikelló, Kilya, 4.847822673609858, 6.539997555072824, 0.05355513214973073, 4.0, 3.0, 4.0
Kimi Rájkőnen, Rojsz Rojsz, 0.8765273290685038, 1.1563463791122353, 4.477278871003227, 4.0, 3.0, 4.0
Lújisz Hemilton, Dodzs, 0.4631090028979068, 8.330676125089894, 6.611531864079843, 4.0, 3.0, 4.0
Fernándó Álonzó, Micubicsi, 0.1538197134877739, 7.033025421483893, 3.225771994085428, 1.0, 1.0, 6.0
Kolin Mekrí, Lekszusz, 1.9064734628554403, 3.1536618421208438, 0.6114707531364927, 1.0, 1.0, 6.0
Kolin Mekrí, Kőnigszeg, 5.99450612860376, 3.2980852075713765, 1.3118225997826083, 4.0, 3.0, 4.0
Rúbensz Bárikelló, Rojsz Rojsz, 4.633118731870781, 0.8001946358763057, 5.672431997225525, 1.0, 1.0, 6.0
Fernándó Álonzó, Rojsz Rojsz, 9.966672440515525, 4.046482217204863, 5.478040922389078, 1.0, 1.0, 6.0
Lújisz Hemilton, Lekszusz, 8.119780840065982, 3.6841401447823463, 0.8354534372112143, 1.0, 1.0, 6.0
Kimi Rájkőnen, Lekszusz, 0.27903754234374634, 4.488418433293959, 4.858116385198374, 1.0, 1.0, 6.0
Máksz Fersztáppen, Micubicsi, 1.650818322391685, 5.688626888246437, 2.723390912582947, 1.0, 1.0, 6.0
Dzsenzon Bátön, Dodzs, 5.586313681029333, 0.5767892507260142, 4.6631769423216785, 4.0, 3.0, 4.0
Szebásztián Lőb, Béjemvé, 5.3017688438479205, 8.871956373217623, 1.0514595483697031, 5.0, 2.0, 5.0
Szebásztián Fettel, Dzsipp, 1.2396909154312519, 9.508582481988523, 0.7825535708228903, 8.0, 8.0, 2.0
Dzsenzon Bátön, Micubicsi, 5.7556721624966, 6.281787473640058, 5.201273714694285, 1.0, 1.0, 6.0
Májkül Sumaher, Rojsz Rojsz, 3.724066978671071, 2.0575421478742206, 7.67361575826633, 1.0, 1.0, 6.0
Szebásztián Lőb, Krájzler, 9.335534131410109, 0.5174441072933289, 4.731335324275752, 1.0, 1.0, 6.0
Lújisz Hemilton, Lekszusz, 1.169124546347381, 2.2730972224772183, 9.043610884395903, 4.0, 3.0, 4.0
Szebásztián Lőb, Pözsó, 5.4700131685404205, 0.7633303373028189, 0.7260219717303518, 5.0, 2.0, 5.0
Fernándó Álonzó, Béjemvé, 5.228689606885096, 8.688250682466942, 1.7532794290547271, 1.0, 1.0, 6.0
Lújisz Hemilton, Rojsz Rojsz, 2.7514521081480456, 2.8059783927744295, 0.7891967517418552, 4.0, 3.0, 4.0
Fernándó Álonzó, Kőnigszeg, 2.1821347167129734, 3.104605567200048, 0.06112185786411595, 3.0, 4.0, 9.0
Szebásztián Fettel, Pözsó, 2.671540376703846, 3.051265757338638, 1.1371084585616298, 4.0, 3.0, 4.0
Kimi Rájkőnen, Kőnigszeg, 0.11945968012634034, 1.145654184672541, 1.3780098280905928, 4.0, 3.0, 4.0
Fernándó Álonzó, Kilya, 1.1713303815258314, 5.197593146376701, 0.7893664236521958, 5.0, 2.0, 5.0
Dzsenzon Bátön, Béjemvé, 5.8448825894137535, 7.671761961003507, 7.640794174496354, 1.0, 1.0, 6.0
Szebásztián Lőb, Kilya, 2.9958747335999614, 1.2044302329790735, 1.2727329109606433, 4.0, 3.0, 4.0
Májkül Sumaher, Rojsz Rojsz, 0.8282098793501191, 6.988796355344071, 1.8984413597906302, 5.0, 2.0, 5.0
Máksz Fersztáppen, Béjemvé, 1.7694968691895596, 3.276583292820454, 1.1686653964004357, 1.0, 1.0, 6.0
Lújisz Hemilton, Dzsipp, 1.4824380887438993, 1.3865837336611408, 1.16411863615413, 1.0, 1.0, 6.0
Lújisz Hemilton, Béjemvé, 1.1650548740224997, 2.628124304208268, 1.6900031353502942, 8.0, 8.0, 2.0
Fernándó Álonzó, Lekszusz, 7.553284627949588, 3.0802875080172654, 2.6491449774113307, 1.0, 1.0, 6.0
Dzsenzon Bátön, Kilya, 3.9652182071307243, 0.6731768512929637, 1.3776799836865883, 1.0, 1.0, 6.0
Kimi Rájkőnen, Rojsz Rojsz, 6.291198880522412, 5.606061972176831, 0.7858340299291133, 4.0, 3.0, 4.0
Fernándó Álonzó, Krájzler, 0.09202185569699983, 5.402683788213708, 4.757762655185217, 5.0, 2.0, 5.0
Kimi Rájkőnen, Dodzs, 1.5338140104166176, 2.214854376837697, 0.9708054457655768, 1.0, 1.0, 6.0
Máksz Fersztáppen, Pözsó, 3.356966179442723, 6.41569882640288, 3.5038726973759173, 5.0, 2.0, 5.0
Rúbensz Bárikelló, Krájzler, 0.4019061142446989, 2.1629093907423567, 2.5185521210387094, 1.0, 1.0, 6.0
Kolin Mekrí, Dzsipp, 5.782799592521916, 0.19081857047972717, 6.5958309937501625, 4.0, 3.0, 4.0
Dzsenzon Bátön, Kilya, 1.9359585833175175, 5.9433455783461895, 2.845192121188296, 1.0, 1.0, 6.0
Máksz Fersztáppen, Béjemvé, 3.949124012941726, 0.7831449886499775, 3.289273326211898, 1.0, 1.0, 6.0
Szebásztián Fettel, Rojsz Rojsz, 6.924336836467262, 0.6798837664026269, 4.98181845086059, 1.0, 1.0, 6.0
Dzsenzon Bátön, Dodzs, 1.6996672295062243, 5.6674555193263645, 1.6905882558705998, 5.0, 2.0, 5.0
Rúbensz Bárikelló, Lekszusz, 0.35666704588872333, 1.2612415541442612, 8.866604991132787, 1.0, 1.0, 6.0
Lújisz Hemilton, Lekszusz, 6.929079049378628, 1.022961557955313, 7.240712104958924, 4.0, 3.0, 4.0
Májkül Sumaher, Pözsó, 1.4143829262796137, 0.8370645361823459, 1.4822892203543214, 7.0, 6.0, 8.0
Rúbensz Bárikelló, Lekszusz, 4.380538081443125, 6.1324904622911935, 3.8455899430535267, 4.0, 3.0, 4.0
Fernándó Álonzó, Pözsó, 0.45402445149721915, 1.9223283473492792, 5.0663831372604875, 1.0, 1.0, 6.0
Rúbensz Bárikelló, Dzsipp, 2.7192135104832724, 2.693023314701591, 3.4650334681590556, 1.0, 1.0, 6.0
Lújisz Hemilton, Lekszusz, 0.0743302590327366, 1.6468229474344664, 5.509449037788112, 5.0, 2.0, 5.0
Kolin Mekrí, Rojsz Rojsz, 1.2759687753692839, 0.21697740775738605, 4.749624602328679, 9.0, 9.0, 3.0
Szebásztián Lőb, Rojsz Rojsz, 5.951487824426413, 0.5406429349669439, 3.409258335505947, 1.0, 1.0, 6.0
Lújisz Hemilton, Pözsó, 0.479061406670207, 1.6389946958192292, 4.794636816375175, 1.0, 1.0, 6.0
Kimi Rájkőnen, Krájzler, 0.45321061637816906, 3.1021463457367893, 6.8214029590381875, 1.0, 1.0, 6.0
Rúbensz Bárikelló, Béjemvé, 0.5069301315551356, 3.1650618508961017, 1.378007931394506, 8.0, 8.0, 2.0
Lújisz Hemilton, Dodzs, 3.7354751063168457, 2.888474398926111, 2.939401037244621, 5.0, 2.0, 5.0
Fernándó Álonzó, Dzsipp, 6.247248438900711, 4.244260747420608, 4.491224084176868, 1.0, 1.0, 6.0
Máksz Fersztáppen, Dzsipp, 9.087184600400539, 6.184678616807423, 0.0538054254458642, 1.0, 1.0, 6.0
Májkül Sumaher, Kőnigszeg, 5.84494751652807, 2.74432564424513, 3.144367526712737, 5.0, 2.0, 5.0
Kimi Rájkőnen, Pözsó, 1.6735226774749812, 0.3975602024336966, 7.173413739462852, 1.0, 1.0, 6.0
Máksz Fersztáppen, Béjemvé, 1.0786481887839827, 4.824196359396443, 2.7818077823738308, 1.0, 1.0, 6.0
Szebásztián Lőb, Kőnigszeg, 0.78150899568178, 3.81652270143264, 1.5190979250967651, 7.0, 6.0, 8.0
Fernándó Álonzó, Lekszusz, 1.6010910578180737, 3.806239084346684, 6.193495898181942, 8.0, 8.0, 2.0
Kolin Mekrí, Dzsipp, 9.469427997319917, 0.16376323730547537, 0.6856401167107473, 4.0, 3.0, 4.0
Rúbensz Bárikelló, Rojsz Rojsz, 2.3944073895092632, 2.4716431015545193, 6.297839327732678, 1.0, 1.0, 6.0
Lújisz Hemilton, Lekszusz, 1.1659939499635585, 5.045708630953064, 2.368249503077519, 4.0, 3.0, 4.0
Lújisz Hemilton, Krájzler, 2.984827695562421, 3.3431017326180457, 3.735525804727846, 1.0, 1.0, 6.0
Szebásztián Fettel, Krájzler, 1.8638430250848337, 0.0340254758423042, 7.3510264696100975, 5.0, 2.0, 5.0
Dzsenzon Bátön, Kőnigszeg, 5.9649411975706474, 3.482164620894719, 3.24097267485235, 5.0, 2.0, 5.0
Szebásztián Lőb, Dzsipp, 5.635475088802763, 0.23267686118652375, 0.974632031571071, 4.0, 3.0, 4.0
Kimi Rájkőnen, Krájzler, 3.0719498865762507, 3.265470940916473, 2.0487611280392457, 1.0, 1.0, 6.0
Szebásztián Fettel, Pözsó, 0.07279437102518771, 4.040507462771611, 3.366847936465207, 3.0, 4.0, 9.0
Májkül Sumaher, Dzsipp, 4.177182232803944, 8.737515510083638, 2.3521396681749227, 1.0, 1.0, 6.0
Lújisz Hemilton, Rojsz Rojsz, 9.329183441521078, 3.9672378430649813, 4.6590897357323655, 1.0, 1.0, 6.0
Kolin Mekrí, Dzsipp, 1.0173722288376963, 7.202488288173799, 1.2414807532805472, 1.0, 1.0, 6.0
Szebásztián Fettel, Béjemvé, 5.269521196397179, 8.898054460323975, 1.2939161135008548, 1.0, 1.0, 6.0
Szebásztián Fettel, Béjemvé, 3.227452373854919, 2.969126756444499, 5.222050144162536, 5.0, 2.0, 5.0
Máksz Fersztáppen, Krájzler, 4.763892653842651, 2.22241639962373, 1.3466646456503162, 5.0, 2.0, 5.0
Szebásztián Fettel, Rojsz Rojsz, 0.10837094835774108, 0.2856845354292692, 6.375871915806998, 5.0, 2.0, 5.0
Fernándó Álonzó, Dodzs, 0.4218521135425113, 2.915246447549947, 3.0656715581308482, 5.0, 2.0, 5.0
Lújisz Hemilton, Lekszusz, 0.014265424134085603, 5.7953534863536245, 2.3816952165540526, 4.0, 3.0, 4.0
Kolin Mekrí, Dodzs, 0.8560894989962164, 4.863485955851818, 0.5016907003645887, 8.0, 8.0, 2.0
Máksz Fersztáppen, Rojsz Rojsz, 4.9247839755233915, 2.694068682706777, 1.3155348637339248, 4.0, 3.0, 4.0
Fernándó Álonzó, Kőnigszeg, 1.920867556620669, 1.8090214188499465, 6.1392867726697755, 1.0, 1.0, 6.0
Fernándó Álonzó, Kőnigszeg, 2.7278732218750843, 2.3644637252473952, 4.741650555377769, 1.0, 1.0, 6.0
Kimi Rájkőnen, Rojsz Rojsz, 2.0279201498091126, 0.6094438316061934, 9.139670186990621, 4.0, 3.0, 4.0
Rúbensz Bárikelló, Lekszusz, 0.1960917648226368, 1.9292306464874576, 7.81174043845064, 5.0, 2.0, 5.0
Máksz Fersztáppen, Kilya, 0.3549581599469265, 9.676292250489128, 4.182127288040033, 5.0, 2.0, 5.0
Szebásztián Lőb, Krájzler, 0.9582735091334549, 2.47317416091179, 6.555967231125334, 1.0, 1.0, 6.0
Kimi Rájkőnen, Rojsz Rojsz, 3.5967676967361717, 4.6532941597318365, 7.445256125193356, 1.0, 1.0, 6.0
Rúbensz Bárikelló, Dzsipp, 9.998120297246357, 5.8256117728236365, 0.6365199561178148, 1.0, 1.0, 6.0
Szebásztián Lőb, Pözsó, 1.9877770602925338, 3.3791907628139572, 7.130544143431056, 1.0, 1.0, 6.0
Májkül Sumaher, Micubicsi, 3.830847751355165, 1.4901461118808468, 7.367061203134632, 1.0, 1.0, 6.0
Máksz Fersztáppen, Béjemvé, 5.688083775420805, 4.137137684505918, 5.021627326500281, 1.0, 1.0, 6.0
Máksz Fersztáppen, Béjemvé, 2.473528473978419, 5.271529332584448, 5.343967908853049, 4.0, 3.0, 4.0
Rúbensz Bárikelló, Rojsz Rojsz, 6.833005877513064, 1.7525732891752477, 0.13866660589386237, 4.0, 3.0, 4.0
Kolin Mekrí, Kilya, 0.03322560644782979, 0.3755165008911987, 0.5828199903162001, 1.0, 1.0, 6.0
Lújisz Hemilton, Krájzler, 0.4467358883358563, 7.854076513435933, 1.1201650663276574, 4.0, 3.0, 4.0
Szebásztián Fettel, Kőnigszeg, 6.8877166860388375, 0.9071680546620187, 3.3679240918525677, 1.0, 1.0, 6.0
Kimi Rájkőnen, Krájzler, 4.402078066912977, 0.8360635312593279, 1.8751064662797068, 5.0, 2.0, 5.0
Májkül Sumaher, Micubicsi, 6.05781419891962, 0.023725022977669763, 4.088309481016282, 1.0, 1.0, 6.0
Lújisz Hemilton, Kőnigszeg, 7.846330471287005, 1.862914543265054, 8.725509398199605, 4.0, 3.0, 4.0
Kimi Rájkőnen, Rojsz Rojsz, 6.4736842313207905, 1.0279637394343466, 6.281458650627276, 4.0, 3.0, 4.0
Kimi Rájkőnen, Pözsó, 3.3373243636556404, 1.2092456039910227, 2.727763396233631, 5.0, 2.0, 5.0
Lújisz Hemilton, Rojsz Rojsz, 2.7748477062333454, 1.6152169012839201, 0.6740843761036475, 1.0, 1.0, 6.0
Rúbensz Bárikelló, Pözsó, 3.3634743646568523, 4.829027057592428, 3.1688747810707216, 4.0, 3.0, 4.0
Szebásztián Fettel, Lekszusz, 2.556994108037922, 0.8850233355992887, 1.3311940697441782, 5.0, 2.0, 5.0
Szebásztián Lőb, Lekszusz, 3.5174280345794875, 1.8770963927207651, 6.528524029729529, 4.0, 3.0, 4.0
Májkül Sumaher, Kőnigszeg, 0.48765535556998585, 0.36405245227865923, 5.281728102459987, 5.0, 2.0, 5.0
Szebásztián Lőb, Pözsó, 8.114897230042905, 1.3897943524175205, 0.42788787650590465, 1.0, 1.0, 6.0
Kimi Rájkőnen, Rojsz Rojsz, 2.8741470246478307, 5.1272253509401065, 7.841609515210733, 1.0, 1.0, 6.0
Szebásztián Fettel, Béjemvé, 5.406280771122588, 3.217849595421404, 5.163169860853952, 1.0, 1.0, 6.0
Máksz Fersztáppen, Krájzler, 0.9657717425065826, 0.13392772629932992, 1.9862011523739809, 3.0, 4.0, 9.0
Szebásztián Fettel, Pözsó, 9.787322679389806, 0.8740500871504631, 1.093940951516592, 1.0, 1.0, 6.0
Kimi Rájkőnen, Micubicsi, 9.397972773576717, 5.90370110108042, 0.5963960048018657, 4.0, 3.0, 4.0
Dzsenzon Bátön, Kilya, 4.348810337102025, 4.148094614020003, 1.0957943693412941, 1.0, 1.0, 6.0
Lújisz Hemilton, Pözsó, 2.4180221181740027, 0.549659722755802, 6.868412048188431, 5.0, 2.0, 5.0
Rúbensz Bárikelló, Kilya, 3.4551432275608263, 5.252773712737307, 2.167245461268786, 1.0, 1.0, 6.0
Máksz Fersztáppen, Béjemvé, 8.35430018657625, 5.305089437869696, 1.5606737132126425, 5.0, 2.0, 5.0
Fernándó Álonzó, Béjemvé, 4.663152862317168, 3.0725247698983704, 1.1218119866838039, 5.0, 2.0, 5.0
Májkül Sumaher, Pözsó, 7.416064965466239, 2.1616415790335477, 0.9366899217305558, 1.0, 1.0, 6.0
Rúbensz Bárikelló, Kőnigszeg, 1.738126939194814, 7.748280475591558, 1.089394909177599, 5.0, 2.0, 5.0
Fernándó Álonzó, Béjemvé, 1.8284158524550775, 7.804057330133852, 0.9919120810287574, 5.0, 2.0, 5.0
Kimi Rájkőnen, Krájzler, 1.236528430260121, 3.553723813529459, 6.571725482504133, 5.0, 2.0, 5.0
Kimi Rájkőnen, Micubicsi, 4.152934095732759, 3.6184206479776924, 0.8443266777052627, 1.0, 1.0, 6.0
Fernándó Álonzó, Pözsó, 4.396131937619496, 2.531633435595586, 4.290498804548645, 4.0, 3.0, 4.0
Lújisz Hemilton, Dzsipp, 6.059594629866039, 8.672907853520913, 0.09868229169617049, 1.0, 1.0, 6.0
Rúbensz Bárikelló, Pözsó, 3.166884317846832, 2.7619283614165036, 1.3417437276264776, 7.0, 6.0, 8.0
Rúbensz Bárikelló, Dzsipp, 0.42489651623819125, 9.553155127190474, 3.2135831368370917, 4.0, 3.0, 4.0
Rúbensz Bárikelló, Dzsipp, 8.358256593826834, 1.9879003071877366, 3.209940839935835, 1.0, 1.0, 6.0
Kimi Rájkőnen, Dodzs, 4.535790096813271, 4.94111946240359, 0.8470645229645235, 5.0, 2.0, 5.0
Szebásztián Fettel, Micubicsi, 1.3199411608134337, 0.4538360493010851, 2.819937179584815, 1.0, 1.0, 6.0
Rúbensz Bárikelló, Dodzs, 1.0708437096140933, 4.670506691523335, 3.1517008570319724, 1.0, 1.0, 6.0
Rúbensz Bárikelló, Rojsz Rojsz, 4.692107642114632, 1.7548293485947142, 1.2377425367237616, 4.0, 3.0, 4.0
Lújisz Hemilton, Béjemvé, 3.013977416639162, 1.0773773072304338, 1.1611153563976206, 10.0, 10.0, 1.0
Kimi Rájkőnen, Krájzler, 9.04287291455939, 3.3863967449277013, 2.2396025733303593, 1.0, 1.0, 6.0
Máksz Fersztáppen, Dzsipp, 8.290249829889284, 6.275862745692505, 1.9450684294575904, 4.0, 3.0, 4.0
Kolin Mekrí, Pözsó, 4.8573819580797135, 2.740483539087697, 3.4914798418263917, 5.0, 2.0, 5.0
Szebásztián Fettel, Micubicsi, 3.1550320114230868, 3.6020669655017947, 0.06482064536746268, 5.0, 2.0, 5.0
Dzsenzon Bátön, Dzsipp, 1.6870327044148903, 0.25157781247793554, 0.0570914600530259, 5.0, 2.0, 5.0
Fernándó Álonzó, Krájzler, 6.024700046033262, 0.5905302645690813, 3.434260685186935, 1.0, 1.0, 6.0
Kolin Mekrí, Rojsz Rojsz, 2.687259400295484, 5.216546974627864, 1.9372167661068818, 1.0, 1.0, 6.0
Máksz Fersztáppen, Micubicsi, 1.3762664477431974, 2.9512277174069466, 4.87841832917278, 1.0, 1.0, 6.0
Rúbensz Bárikelló, Dzsipp, 6.371217662591095, 3.366108562093851, 1.2405921328162461, 1.0, 1.0, 6.0
Szebásztián Fettel, Pözsó, 1.593950483663854, 0.6114288604773355, 5.104866408923724, 5.0, 2.0, 5.0
Májkül Sumaher, Micubicsi, 4.809757611668848, 0.9488330511744725, 7.8237653433099075, 1.0, 1.0, 6.0
Szebásztián Lőb, Béjemvé, 3.1104120478160557, 3.3648282345243175, 4.716418323146363, 3.0, 4.0, 9.0
Májkül Sumaher, Kilya, 5.892423146869065, 0.5804348568069351, 2.867940071929038, 4.0, 3.0, 4.0
Fernándó Álonzó, Kilya, 5.570036773795302, 2.2447733023268777, 2.6114753353707645, 4.0, 3.0, 4.0
Szebásztián Fettel, Kőnigszeg, 3.3968249244692816, 1.72291096228965, 0.1829664253107255, 5.0, 2.0, 5.0
Szebásztián Lőb, Kilya, 0.5043392171028616, 0.36046088188017356, 4.627005211270556, 1.0, 1.0, 6.0
Kolin Mekrí, Micubicsi, 2.084225330311258, 5.775178859439935, 4.044812803459524, 1.0, 1.0, 6.0
Máksz Fersztáppen, Micubicsi, 6.203951133846578, 7.294027449132596, 1.6825124577652972, 1.0, 1.0, 6.0
Kolin Mekrí, Dzsipp, 0.8410384615817135, 0.39697548406753214, 2.9983707685461756, 5.0, 2.0, 5.0
Kimi Rájkőnen, Krájzler, 0.40922858788671856, 5.389105096484553, 5.501326434511872, 4.0, 3.0, 4.0
Rúbensz Bárikelló, Béjemvé, 0.6189500343900578, 5.735365774937514, 3.549078239749639, 5.0, 2.0, 5.0
Fernándó Álonzó, Rojsz Rojsz, 2.3287501117716314, 9.518580481425241, 2.008653565417746, 1.0, 1.0, 6.0
Májkül Sumaher, Dodzs, 0.9097536382805693, 0.4106976143839469, 1.0689993726686808, 8.0, 8.0, 2.0
Lújisz Hemilton, Dodzs, 6.7182757500360335, 4.1315300149751035, 8.471703956640795, 1.0, 1.0, 6.0
Máksz Fersztáppen, Pözsó, 0.08806398877407084, 2.3412211932605267, 8.7943333652707, 4.0, 3.0, 4.0
Dzsenzon Bátön, Krájzler, 2.025764271818611, 4.0985469182767496, 3.3497307096857276, 5.0, 2.0, 5.0
Szebásztián Lőb, Krájzler, 0.09374182706725298, 5.720880233685679, 4.3883478788645185, 1.0, 1.0, 6.0
Kolin Mekrí, Kilya, 0.5271656896419719, 5.303332219430467, 1.1938655616403882, 3.0, 4.0, 9.0
Szebásztián Lőb, Dodzs, 0.6897085733518638, 5.96981588158782, 0.11048036758703028, 4.0, 3.0, 4.0
Lújisz Hemilton, Kilya, 0.9148504532684842, 5.179963625367182, 5.758582064052833, 5.0, 2.0, 5.0
Rúbensz Bárikelló, Lekszusz, 4.529313270282088, 2.7225473559839064, 0.05549680762109821, 1.0, 1.0, 6.0
Kolin Mekrí, Lekszusz, 5.5791811822702275, 0.20296401084176297, 8.332680652409147, 1.0, 1.0, 6.0
Szebásztián Lőb, Lekszusz, 6.466718579402901, 4.38698171625928, 1.3064415454788336, 8.0, 8.0, 2.0
Szebásztián Lőb, Pözsó, 1.6136315183529026, 0.6034870297503425, 1.325005899973254, 1.0, 1.0, 6.0
Májkül Sumaher, Micubicsi, 2.9215533412041603, 2.211223780177516, 0.4077552022661468, 1.0, 1.0, 6.0
Májkül Sumaher, Dzsipp, 3.9545824386989015, 3.1472607619678863, 3.826334802725817, 4.0, 3.0, 4.0
Dzsenzon Bátön, Dodzs, 4.414050860313376, 3.570433210216745, 1.2815028006600526, 1.0, 1.0, 6.0
Dzsenzon Bátön, Micubicsi, 2.3527466978102343, 2.363022548920546, 0.5593426371590593, 4.0, 3.0, 4.0
Fernándó Álonzó, Kőnigszeg, 5.191771478181608, 1.3327134956696896, 9.460165066306077, 1.0, 1.0, 6.0
Máksz Fersztáppen, Dodzs, 0.11811344293978343, 5.5537080581470555, 8.279345454385695, 1.0, 1.0, 6.0
Rúbensz Bárikelló, Rojsz Rojsz, 4.456616896855071, 5.3352527126930855, 1.7290725581538235, 4.0, 3.0, 4.0
Szebásztián Lőb, Béjemvé, 0.03288181794768752, 3.7814348939639695, 0.1316465957844093, 4.0, 3.0, 4.0
Kimi Rájkőnen, Pözsó, 0.39067947819556803, 8.717270795459706, 5.796262035798212, 4.0, 3.0, 4.0
Kimi Rájkőnen, Rojsz Rojsz, 2.4355132787980303, 0.48140672236145154, 1.1195036035721184, 1.0, 1.0, 6.0
Lújisz Hemilton, Dodzs, 5.676608892822403, 0.2347590023778534, 3.9972920443603286, 4.0, 3.0, 4.0
Dzsenzon Bátön, Dzsipp, 5.608889139337986, 5.066284986899978, 6.5320532407486995, 4.0, 3.0, 4.0
Kimi Rájkőnen, Kilya, 1.0170319485662138, 5.561614264402586, 5.784584006141891, 1.0, 1.0, 6.0
Dzsenzon Bátön, Dzsipp, 6.168689028318326, 3.9905842719298623, 0.9276114675056313, 5.0, 2.0, 5.0
Máksz Fersztáppen, Pözsó, 0.11065570123594326, 7.015259424547327, 3.3724561642334705, 5.0, 2.0, 5.0
Rúbensz Bárikelló, Dodzs, 0.5024880946595212, 4.385481449489212, 7.280470930150685, 4.0, 3.0, 4.0
Szebásztián Lőb, Kőnigszeg, 3.509267046632474, 0.048066316189173675, 8.29383760224793, 1.0, 1.0, 6.0
Máksz Fersztáppen, Lekszusz, 3.05784975435634, 1.022301834975955, 4.335897003030013, 8.0, 8.0, 2.0
Fernándó Álonzó, Dzsipp, 5.669821187665859, 3.350512073281504, 0.7398922445614797, 4.0, 3.0, 4.0
Rúbensz Bárikelló, Béjemvé, 7.086318720473964, 0.06787429319749294, 0.4608808223587091, 5.0, 2.0, 5.0
Dzsenzon Bátön, Dzsipp, 1.9922817431600415, 1.1846424563050884, 5.724489954649012, 4.0, 3.0, 4.0
Fernándó Álonzó, Dzsipp, 1.0214344180866053, 1.824212405917407, 0.6993590647874948, 5.0, 2.0, 5.0
Dzsenzon Bátön, Rojsz Rojsz, 3.4058736407601806, 9.291979352746665, 2.299007242795036, 1.0, 1.0, 6.0
Lújisz Hemilton, Kilya, 7.961530669271632, 6.975295178708852, 0.41096794871691045, 1.0, 1.0, 6.0
Kimi Rájkőnen, Krájzler, 2.4010619506287645, 1.656082040993614, 0.44140999109608225, 7.0, 6.0, 8.0
Fernándó Álonzó, Dzsipp, 3.4266185374902483, 2.936161423387728, 1.749889429699616, 5.0, 2.0, 5.0
Rúbensz Bárikelló, Rojsz Rojsz, 5.467252779327322, 5.096642384808529, 2.141416099837513, 1.0, 1.0, 6.0
Májkül Sumaher, Rojsz Rojsz, 4.438354218952034, 3.302630404603948, 0.4481653720646961, 1.0, 1.0, 6.0
Fernándó Álonzó, Rojsz Rojsz, 3.0344728464626436, 8.840834027587057, 1.8716484877193107, 5.0, 2.0, 5.0
Dzsenzon Bátön, Dzsipp, 1.9152646625232261, 2.1193054816905432, 3.1300599770917428, 1.0, 1.0, 6.0
Máksz Fersztáppen, Lekszusz, 6.144044294317233, 7.680645668106711, 0.6158005739081862, 1.0, 1.0, 6.0
Lújisz Hemilton, Rojsz Rojsz, 6.3835415268051605, 3.631800643447789, 0.6010805578488854, 4.0, 3.0, 4.0
Szebásztián Lőb, Kilya, 5.879327938611606, 3.095859545294757, 5.550361646024888, 1.0, 1.0, 6.0
Májkül Sumaher, Dzsipp, 5.620078401049691, 0.042167120595909546, 9.86980403889327, 4.0, 3.0, 4.0
Dzsenzon Bátön, Krájzler, 2.577593890231097, 1.566880324484582, 4.333480626404393, 3.0, 4.0, 9.0
Szebásztián Lőb, Rojsz Rojsz, 0.15023595803347112, 3.714095777390166, 7.42879309204313, 4.0, 3.0, 4.0
Kolin Mekrí, Kilya, 1.0818232094240865, 5.969399831838631, 4.268043605809057, 1.0, 1.0, 6.0
Fernándó Álonzó, Rojsz Rojsz, 2.9458329613666203, 1.81038658812666, 2.5635780597052915, 4.0, 3.0, 4.0
Rúbensz Bárikelló, Lekszusz, 0.2451326173402446, 9.873493260383913, 0.4761553755039838, 4.0, 3.0, 4.0
Kolin Mekrí, Pözsó, 7.19055706596098, 8.30431130176066, 4.6436794284604925, 1.0, 1.0, 6.0
Szebásztián Lőb, Micubicsi, 0.3764640308035849, 8.86953039461697, 5.254553188611717, 1.0, 1.0, 6.0
Rúbensz Bárikelló, Lekszusz, 1.2325031817225918, 1.7381287328679995, 8.882264711732827, 3.0, 4.0, 9.0
Rúbensz Bárikelló, Dodzs, 1.7149375451800675, 9.845413536365411, 3.58916152997677, 1.0, 1.0, 6.0
Rúbensz Bárikelló, Dodzs, 7.481381482658005, 2.0588530566629726, 1.3519312079841628, 5.0, 2.0, 5.0
Fernándó Álonzó, Lekszusz, 2.015573244014667, 6.92837657612353, 4.081377915945104, 1.0, 1.0, 6.0
Fernándó Álonzó, Micubicsi, 0.39300780246833256, 2.1169835645711474, 3.5280143899961636, 3.0, 4.0, 9.0
Szebásztián Lőb, Rojsz Rojsz, 0.5694091619590358, 2.3247740218818325, 7.139264988272155, 1.0, 1.0, 6.0
Kimi Rájkőnen, Lekszusz, 0.35951882453533424, 2.4883664631459377, 1.3387530973921258, 5.0, 2.0, 5.0
Szebásztián Fettel, Rojsz Rojsz, 3.551106698154185, 3.011250161660718, 7.443919149965719, 8.0, 8.0, 2.0
Lújisz Hemilton, Béjemvé, 4.647029700867906, 5.290967447984233, 1.3431059419316027, 1.0, 1.0, 6.0
Rúbensz Bárikelló, Pözsó, 4.797799303064635, 0.5606834130587102, 8.40059121222247, 4.0, 3.0, 4.0
Kimi Rájkőnen, Krájzler, 8.989296481464956, 1.8416711565714883, 0.6524580958935688, 4.0, 3.0, 4.0
Rúbensz Bárikelló, Rojsz Rojsz, 0.1330778803166699, 8.055168951878764, 4.182928155798646, 4.0, 3.0, 4.0
Dzsenzon Bátön, Kőnigszeg, 1.0366392692717985, 4.47953176176461, 1.0049629921756442, 5.0, 2.0, 5.0
Dzsenzon Bátön, Rojsz Rojsz, 0.5125916659171703, 8.877137883533713, 0.8447002966914952, 4.0, 3.0, 4.0
Máksz Fersztáppen, Dodzs, 2.0876084106815274, 7.028087810380345, 0.7431625425709243, 4.0, 3.0, 4.0
Szebásztián Fettel, Pözsó, 0.591376583595995, 1.11742630073148, 0.7243570585886128, 10.0, 10.0, 1.0
Kimi Rájkőnen, Micubicsi, 0.7415407621577164, 0.9174271166660153, 0.7487634595941384, 5.0, 2.0, 5.0
Kimi Rájkőnen, Dodzs, 8.268651877718554, 3.6950250663294595, 1.4155302800620229, 1.0, 1.0, 6.0
Szebásztián Fettel, Kőnigszeg, 7.525448893222412, 7.918516998860614, 0.11030683718035172, 4.0, 3.0, 4.0
Májkül Sumaher, Kilya, 3.073522764541364, 2.235666275180125, 1.0632796324043303, 5.0, 2.0, 5.0
Szebásztián Fettel, Kilya, 0.25923282550069704, 0.028367595961910075, 0.5575715690640304, 3.0, 4.0, 9.0
Kimi Rájkőnen, Dodzs, 7.12884049403269, 6.267758903888248, 0.41361453343789933, 1.0, 1.0, 6.0
Rúbensz Bárikelló, Kőnigszeg, 5.63622194760406, 2.2377691285537606, 1.6145207766765945, 1.0, 1.0, 6.0
Szebásztián Lőb, Micubicsi, 8.417671799359969, 1.567111552516438, 2.0181199177920317, 5.0, 2.0, 5.0
Májkül Sumaher, Krájzler, 9.940806009517276, 0.2109535327400014, 1.6601137967907598, 5.0, 2.0, 5.0
Lújisz Hemilton, Micubicsi, 4.818834913549796, 5.142470178501579, 1.1250213040033963, 4.0, 3.0, 4.0
Rúbensz Bárikelló, Dzsipp, 1.5585182034261247, 6.475082356402343, 2.202997837745472, 1.0, 1.0, 6.0
Fernándó Álonzó, Pözsó, 3.9393234853467485, 0.9049202404075452, 1.3704561089362965, 4.0, 3.0, 4.0
Rúbensz Bárikelló, Kőnigszeg, 5.706404457637005, 3.1386319654992945, 3.3651634229850993, 1.0, 1.0, 6.0
Májkül Sumaher, Micubicsi, 3.127465190944536, 5.792730199583929, 4.25811940401343, 1.0, 1.0, 6.0
Dzsenzon Bátön, Kőnigszeg, 2.437756333263763, 2.4476634990096793, 5.176260161167249, 1.0, 1.0, 6.0
Lújisz Hemilton, Dzsipp, 0.7906406152608947, 5.375905893692284, 3.1143985043693068, 5.0, 2.0, 5.0
Rúbensz Bárikelló, Dodzs, 2.944874810501311, 1.0996871160809552, 7.384704617022567, 4.0, 3.0, 4.0
Szebásztián Fettel, Micubicsi, 3.729434475525789, 1.0655473674637672, 7.229161821832042, 1.0, 1.0, 6.0
Májkül Sumaher, Rojsz Rojsz, 7.66423843238576, 7.263098669885483, 0.7382478069991727, 4.0, 3.0, 4.0
Rúbensz Bárikelló, Dodzs, 6.00132106113813, 2.250008187795073, 6.683078468562705, 4.0, 3.0, 4.0
Dzsenzon Bátön, Kőnigszeg, 1.741426744288892, 2.1740384373037704, 7.843349415293389, 4.0, 3.0, 4.0
Dzsenzon Bátön, Lekszusz, 3.610113739880354, 8.746937085120567, 2.5465773883288456, 1.0, 1.0, 6.0
Májkül Sumaher, Béjemvé, 2.6489528241484117, 1.2284353868847742, 3.8789703313343873, 4.0, 3.0, 4.0
Rúbensz Bárikelló, Krájzler, 2.0751038466475413, 4.045454323547161, 4.57651205523299, 4.0, 3.0, 4.0
Kimi Rájkőnen, Micubicsi, 3.5594066836722646, 4.38610458045392, 0.11757397131005876, 5.0, 2.0, 5.0
Kimi Rájkőnen, Lekszusz, 2.6520815700409828, 1.5330972922074726, 1.607641220511874, 3.0, 4.0, 9.0
Kolin Mekrí, Kőnigszeg, 0.7469044982708739, 8.715021578626205, 2.6043698039549446, 1.0, 1.0, 6.0
Szebásztián Fettel, Krájzler, 5.59713727853134, 3.3524161824649767, 0.03401481756417635, 4.0, 3.0, 4.0
Szebásztián Lőb, Pözsó, 1.4210948412077395, 1.0884289277808235, 1.952375627492462, 3.0, 4.0, 9.0
Rúbensz Bárikelló, Kőnigszeg, 4.989231422624814, 1.291378744818723, 3.445268825220266, 5.0, 2.0, 5.0
Máksz Fersztáppen, Pözsó, 2.1597808567238608, 6.052714373598516, 0.7042088466624863, 4.0, 3.0, 4.0
Májkül Sumaher, Pözsó, 1.2494534951739755, 1.0864431559510968, 5.584496631363923, 3.0, 4.0, 9.0
Kimi Rájkőnen, Kőnigszeg, 1.518741497943672, 0.10853418447507646, 0.24999440238897996, 10.0, 10.0, 1.0
Kimi Rájkőnen, Kőnigszeg, 6.285575352828552, 5.954777583165801, 4.088700208184867, 1.0, 1.0, 6.0
Szebásztián Lőb, Rojsz Rojsz, 0.568889328830241, 6.362592105910844, 4.849367768245319, 1.0, 1.0, 6.0
Fernándó Álonzó, Kilya, 0.6274095027508086, 8.471708643760024, 0.7441474454852792, 4.0, 3.0, 4.0
Szebásztián Lőb, Béjemvé, 0.6224015758820922, 1.2233845729306303, 8.36117666905081, 1.0, 1.0, 6.0
Kolin Mekrí, Kőnigszeg, 8.187330303391517, 1.399955817461911, 4.821943068074633, 1.0, 1.0, 6.0
Rúbensz Bárikelló, Pözsó, 0.39307548607946496, 0.180893205908228, 3.5852441276227722, 3.0, 4.0, 9.0
Szebásztián Fettel, Krájzler, 5.590681842084207, 2.267781414865504, 9.477323828691421, 4.0, 3.0, 4.0
Kimi Rájkőnen, Kilya, 7.669915675758921, 2.253736089051804, 1.893871627805438, 1.0, 1.0, 6.0
Rúbensz Bárikelló, Rojsz Rojsz, 0.4449622739396897, 8.890647375090145, 1.8538047832759375, 3.0, 4.0, 9.0
Szebásztián Fettel, Rojsz Rojsz, 0.9363227097121218, 4.242019163945532, 4.194315395525612, 1.0, 1.0, 6.0
Kimi Rájkőnen, Dodzs, 2.512626399647698, 1.6094128180609024, 1.4471628653032076, 4.0, 3.0, 4.0
Májkül Sumaher, Dzsipp, 0.47165478881096456, 0.8996356087073243, 2.1999141689925015, 4.0, 3.0, 4.0
Lújisz Hemilton, Dodzs, 3.9043083653099164, 3.8781745037611315, 6.159624698669106, 1.0, 1.0, 6.0
Májkül Sumaher, Rojsz Rojsz, 5.011440258686591, 3.145197882323015, 2.9611796362472695, 1.0, 1.0, 6.0
Dzsenzon Bátön, Dodzs, 0.2235893696589608, 0.769129394552126, 3.235336810091453, 5.0, 2.0, 5.0
Kolin Mekrí, Krájzler, 2.2678921962561582, 2.6676545008871333, 0.15347774611939036, 1.0, 1.0, 6.0
Máksz Fersztáppen, Krájzler, 8.270510416804475, 0.8164271948494706, 0.13830214558142373, 4.0, 3.0, 4.0
Dzsenzon Bátön, Béjemvé, 0.4555727730673431, 2.4336518517685803, 8.971496558141636, 5.0, 2.0, 5.0
Szebásztián Fettel, Béjemvé, 5.262336784243055, 4.43804095266869, 3.8101887753729216, 1.0, 1.0, 6.0
Rúbensz Bárikelló, Béjemvé, 2.642818906447687, 3.2756949535803113, 0.261173826720279, 5.0, 2.0, 5.0
Fernándó Álonzó, Pözsó, 0.24231045026609888, 5.895196870141753, 6.067528570833677, 1.0, 1.0, 6.0
Dzsenzon Bátön, Dodzs, 0.24479490508019452, 9.113484168351135, 0.2943300066365706, 1.0, 1.0, 6.0
Rúbensz Bárikelló, Dzsipp, 3.206166260905036, 9.05709781291876, 0.6835602563677001, 1.0, 1.0, 6.0
Fernándó Álonzó, Micubicsi, 2.859321058647306, 1.4597160595413217, 1.961653432781475, 1.0, 1.0, 6.0
Rúbensz Bárikelló, Dodzs, 3.170641370561178, 4.930184792109036, 5.5048617941505675, 1.0, 1.0, 6.0
Fernándó Álonzó, Lekszusz, 2.2645250507829884, 0.7769500925638939, 2.1561365909462546, 4.0, 3.0, 4.0
Máksz Fersztáppen, Pözsó, 6.0232831405005545, 1.313212409180633, 8.256200532908304, 1.0, 1.0, 6.0
Szebásztián Lőb, Dodzs, 2.5064496170537787, 1.6224145840367554, 0.3732331669142608, 3.0, 4.0, 9.0
Lújisz Hemilton, Rojsz Rojsz, 4.4005983589476605, 4.215336086120285, 4.932455273906507, 1.0, 1.0, 6.0
Lújisz Hemilton, Micubicsi, 2.7196187885008727, 5.327074287955032, 4.327084601403052, 1.0, 1.0, 6.0
Májkül Sumaher, Dodzs, 2.3997117172475226, 0.48056621369871655, 1.0532608459507875, 1.0, 1.0, 6.0
Kimi Rájkőnen, Kilya, 6.006290708840893, 5.969680524237142, 8.998721432954826, 1.0, 1.0, 6.0
Májkül Sumaher, Lekszusz, 4.1912916767220825, 3.9280951606585743, 5.936577181284093, 4.0, 3.0, 4.0
Fernándó Álonzó, Pözsó, 0.11249479136879903, 0.3849906621193755, 0.73869704641356, 4.0, 3.0, 4.0
Dzsenzon Bátön, Micubicsi, 6.453709419510833, 5.964358433106636, 0.2575113238012938, 1.0, 1.0, 6.0
Fernándó Álonzó, Krájzler, 0.5822340287944061, 5.85368636459239, 1.0618455878818378, 4.0, 3.0, 4.0
Máksz Fersztáppen, Rojsz Rojsz, 5.926473403574373, 2.096216251002251, 1.1987714840291575, 5.0, 2.0, 5.0
Máksz Fersztáppen, Dodzs, 1.98499422478146, 4.914738964400058, 5.473582046678144, 4.0, 3.0, 4.0
Lújisz Hemilton, Lekszusz, 6.667946694014115, 1.261081094593819, 2.185305204092752, 4.0, 3.0, 4.0
Dzsenzon Bátön, Micubicsi, 0.03853915590920631, 8.228255440076747, 6.212886118945549, 1.0, 1.0, 6.0
Rúbensz Bárikelló, Béjemvé, 8.4959360702928, 3.3580189158418494, 4.871817932993039, 1.0, 1.0, 6.0
Rúbensz Bárikelló, Kőnigszeg, 3.458301743804786, 1.8602325545607423, 2.017542553493371, 9.0, 9.0, 3.0
Májkül Sumaher, Rojsz Rojsz, 1.8923330208338962, 1.3984035588284327, 0.6285691159606188, 5.0, 2.0, 5.0
Májkül Sumaher, Krájzler, 6.455836388455694, 0.6634227363856271, 8.087525474673008, 4.0, 3.0, 4.0
Dzsenzon Bátön, Dzsipp, 9.62075917529548, 1.6001550296886213, 0.16840343945333847, 4.0, 3.0, 4.0
Máksz Fersztáppen, Dzsipp, 5.0877639775859995, 0.572942816066746, 5.75705768586265, 1.0, 1.0, 6.0
Szebásztián Fettel, Kilya, 3.604729906480978, 8.426205955912662, 0.9528773715781891, 4.0, 3.0, 4.0
Szebásztián Fettel, Krájzler, 0.47159099474169297, 1.0004669360617113, 6.01852151863296, 1.0, 1.0, 6.0
Máksz Fersztáppen, Rojsz Rojsz, 0.09977086937518753, 6.849444648892403, 0.1794553321392922, 5.0, 2.0, 5.0
Fernándó Álonzó, Kilya, 1.573412475936059, 5.233614180042572, 6.898312176896394, 1.0, 1.0, 6.0
Szebásztián Lőb, Pözsó, 3.2693431851204604, 0.28122862861010955, 6.622996329863745, 5.0, 2.0, 5.0
Lújisz Hemilton, Dodzs, 0.6835781920006767, 6.030857049644032, 5.712403860193717, 1.0, 1.0, 6.0
Rúbensz Bárikelló, Lekszusz, 5.759613863543951, 1.0122255726072016, 2.094386598780218, 5.0, 2.0, 5.0
Fernándó Álonzó, Kilya, 1.5498579914252253, 3.9801267362372803, 3.767784031300799, 3.0, 4.0, 9.0
Rúbensz Bárikelló, Dzsipp, 1.5307945113384391, 2.862142720934159, 2.205953537010336, 4.0, 3.0, 4.0
Dzsenzon Bátön, Lekszusz, 1.9883379125409484, 2.7376223633915875, 8.39079462188688, 3.0, 4.0, 9.0
Lújisz Hemilton, Dzsipp, 5.515190627426864, 1.3365239221434166, 6.341152555826239, 1.0, 1.0, 6.0
Szebásztián Lőb, Béjemvé, 2.9362951938093085, 3.5943748031874287, 3.00757204179112, 1.0, 1.0, 6.0
Májkül Sumaher, Lekszusz, 2.1436113166862536, 3.849298840158022, 3.039455927457919, 5.0, 2.0, 5.0
Dzsenzon Bátön, Pözsó, 2.782604019504682, 4.511828554518659, 0.7529095110777251, 1.0, 1.0, 6.0
Kimi Rájkőnen, Micubicsi, 4.259610669721537, 4.565729933326859, 8.06646513304598, 4.0, 3.0, 4.0
Dzsenzon Bátön, Pözsó, 6.041892361201285, 2.8493534277872445, 6.458198136961176, 1.0, 1.0, 6.0
Májkül Sumaher, Kilya, 6.575930461407145, 6.026682712954572, 0.005890736866455137, 4.0, 3.0, 4.0
Lújisz Hemilton, Micubicsi, 3.7148132458216754, 4.386625775771773, 2.1802309691496538, 4.0, 3.0, 4.0
Máksz Fersztáppen, Micubicsi, 1.1677415335703434, 4.18569029457014, 4.517453020536402, 5.0, 2.0, 5.0
Rúbensz Bárikelló, Kőnigszeg, 1.71822783303746, 0.6034041872144924, 1.8214785547514334, 5.0, 2.0, 5.0
Dzsenzon Bátön, Lekszusz, 2.1749714206632467, 2.8709903183423324, 4.290817522986967, 1.0, 1.0, 6.0
Fernándó Álonzó, Rojsz Rojsz, 1.522037215584775, 8.680966523526068, 0.39502018973983866, 5.0, 2.0, 5.0
Rúbensz Bárikelló, Béjemvé, 9.62839366721455, 3.6834167372759663, 1.9176859476364083, 1.0, 1.0, 6.0
Lújisz Hemilton, Pözsó, 5.869465155337386, 0.051435774969529335, 4.5673593779667225, 1.0, 1.0, 6.0
Kimi Rájkőnen, Rojsz Rojsz, 5.268637563522924, 4.969713578995243, 1.021063275393661, 1.0, 1.0, 6.0
Lújisz Hemilton, Béjemvé, 0.4107638656654633, 1.0883400023137124, 0.5326602292503979, 4.0, 3.0, 4.0
Máksz Fersztáppen, Dzsipp, 3.809729404768065, 7.592688447878767, 3.858869363611448, 1.0, 1.0, 6.0
Szebásztián Lőb, Krájzler, 0.8357540905110794, 7.518707313978778, 0.7768876461580809, 4.0, 3.0, 4.0
Máksz Fersztáppen, Dodzs, 6.425006461726789, 1.8431451197000948, 2.702017207344556, 1.0, 1.0, 6.0
Dzsenzon Bátön, Béjemvé, 1.463101371615274, 3.831937576069296, 1.2423992372904957, 4.0, 3.0, 4.0
Kimi Rájkőnen, Micubicsi, 3.790537487763268, 0.07796033986132933, 8.126269478101118, 1.0, 1.0, 6.0
Máksz Fersztáppen, Lekszusz, 1.4057394072711182, 4.02442130741742, 7.948043368747337, 3.0, 4.0, 9.0
Májkül Sumaher, Kőnigszeg, 2.0786725395377372, 4.494824794537196, 4.469353020628995, 4.0, 3.0, 4.0
Szebásztián Lőb, Pözsó, 3.340426531073616, 3.271444994012466, 2.5181275634458, 1.0, 1.0, 6.0
Dzsenzon Bátön, Krájzler, 1.6624048554786686, 3.402741871446051, 7.355964861789451, 5.0, 2.0, 5.0
Kimi Rájkőnen, Rojsz Rojsz, 1.4185297854141543, 4.821386254890358, 2.705656465881768, 4.0, 3.0, 4.0
Dzsenzon Bátön, Kőnigszeg, 1.4885500355915227, 2.46126382159198, 8.89923616981932, 4.0, 3.0, 4.0
Máksz Fersztáppen, Dodzs, 1.4172421911437272, 2.8765316483915537, 3.377127497811715, 8.0, 8.0, 2.0
Májkül Sumaher, Krájzler, 8.973507690121815, 8.027359068097336, 0.6752998953952338, 1.0, 1.0, 6.0
Rúbensz Bárikelló, Béjemvé, 2.260538024026534, 2.034230773160938, 1.5422143284577805, 4.0, 3.0, 4.0
Lújisz Hemilton, Dzsipp, 1.9344684373259424, 2.3385892002962674, 1.775528898370653, 4.0, 3.0, 4.0
Dzsenzon Bátön, Lekszusz, 2.6228959755850223, 4.005221130600393, 0.7402859532098327, 5.0, 2.0, 5.0
Szebásztián Fettel, Pözsó, 6.946253461245208, 2.5348826945849066, 4.142234407489708, 4.0, 3.0, 4.0
Kimi Rájkőnen, Lekszusz, 2.431459955821469, 9.012252493587187, 1.7707928962095443, 1.0, 1.0, 6.0
Szebásztián Lőb, Pözsó, 1.589656568136737, 0.31586209770333107, 1.7684312923735446, 10.0, 10.0, 1.0
Kolin Mekrí, Micubicsi, 0.7562224604855361, 1.3063699588583344, 2.390163939073018, 4.0, 3.0, 4.0
Szebásztián Fettel, Micubicsi, 0.6856347824963949, 0.29726945615106914, 1.444238327906061, 10.0, 10.0, 1.0
Rúbensz Bárikelló, Lekszusz, 1.6997933503689522, 3.1798969553942333, 2.9629944042544243, 4.0, 3.0, 4.0
Szebásztián Fettel, Krájzler, 0.6492995932986612, 0.9350318180764128, 5.007924342221602, 5.0, 2.0, 5.0
Rúbensz Bárikelló, Kilya, 1.0246152604068282, 0.24349196097831927, 2.6644457980351257, 4.0, 3.0, 4.0
Dzsenzon Bátön, Lekszusz, 2.5832554543713493, 3.6228752700448466, 0.8863958922170623, 1.0, 1.0, 6.0
Máksz Fersztáppen, Dzsipp, 1.2582649069828222, 0.03367572130206664, 7.789283630098046, 1.0, 1.0, 6.0
Kimi Rájkőnen, Pözsó, 0.055799064987898106, 5.2590108418011035, 3.326200429871473, 1.0, 1.0, 6.0
Kolin Mekrí, Micubicsi, 1.76019278082574, 3.5236651380599637, 4.891552307954563, 5.0, 2.0, 5.0
Szebásztián Lőb, Dodzs, 4.918653654802458, 5.41255825286203, 0.23967296053636455, 4.0, 3.0, 4.0
Máksz Fersztáppen, Dzsipp, 4.031398762211072, 1.5707787979541932, 1.9841831160552859, 1.0, 1.0, 6.0
Máksz Fersztáppen, Pözsó, 0.2525369753720974, 1.0304753550888235, 6.931172438747982, 5.0, 2.0, 5.0
Májkül Sumaher, Pözsó, 5.130681790344034, 2.5899354510606, 0.6719674811031584, 1.0, 1.0, 6.0
Kolin Mekrí, Krájzler, 0.06713213357479209, 3.18567132484893, 6.237880400661652, 1.0, 1.0, 6.0
Máksz Fersztáppen, Rojsz Rojsz, 6.457884305190406, 1.4833137689549247, 7.427063242619449, 1.0, 1.0, 6.0
Kolin Mekrí, Lekszusz, 1.3802198546359157, 1.3774799617485334, 2.725900279280494, 8.0, 8.0, 2.0
Rúbensz Bárikelló, Dodzs, 3.4827386564399854, 3.1302782926088546, 5.054931823923944, 1.0, 1.0, 6.0
Kolin Mekrí, Pözsó, 4.3023168248442865, 1.3451322074533478, 2.4449938210937527, 4.0, 3.0, 4.0
Máksz Fersztáppen, Béjemvé, 2.1720492610678166, 4.619098663703845, 9.067131116979226, 3.0, 4.0, 9.0
Rúbensz Bárikelló, Béjemvé, 1.4731923327461705, 6.294856813407284, 3.343729996846548, 1.0, 1.0, 6.0
Szebásztián Lőb, Béjemvé, 2.8927681857283094, 1.0137458793292509, 4.365339255980905, 1.0, 1.0, 6.0
Májkül Sumaher, Micubicsi, 1.7381900013597273, 2.511931771853242, 9.319692199282589, 4.0, 3.0, 4.0
Májkül Sumaher, Dodzs, 4.334912962981999, 3.908588486530775, 3.0196799730099952, 1.0, 1.0, 6.0
Dzsenzon Bátön, Krájzler, 1.2996280471233568, 6.960268663506232, 4.8245870059715035, 4.0, 3.0, 4.0
Májkül Sumaher, Dodzs, 5.28856135279521, 1.4559816397732495, 2.5014784452905534, 4.0, 3.0, 4.0
Dzsenzon Bátön, Krájzler, 3.314685091470527, 0.8413771507540568, 3.1943635202545773, 4.0, 3.0, 4.0
Máksz Fersztáppen, Micubicsi, 4.994437836445861, 4.964336908960974, 2.512979795878975, 4.0, 3.0, 4.0
Máksz Fersztáppen, Kőnigszeg, 4.14946225816132, 0.8899250904568956, 4.519958943648118, 4.0, 3.0, 4.0
Lújisz Hemilton, Dzsipp, 3.199419570703977, 1.259396473508746, 8.263785045221061, 1.0, 1.0, 6.0
Szebásztián Fettel, Kilya, 3.2361398032582436, 5.3483816306091905, 3.4460067817980313, 4.0, 3.0, 4.0
Szebásztián Fettel, Pözsó, 7.339115983454299, 1.1782726896992946, 1.889696828352011, 7.0, 6.0, 8.0
Dzsenzon Bátön, Micubicsi, 1.7036184975231494, 2.146074592976235, 2.2993635690041425, 4.0, 3.0, 4.0
Fernándó Álonzó, Dzsipp, 0.5178570460121901, 3.729400388638785, 6.583246991488477, 1.0, 1.0, 6.0
Dzsenzon Bátön, Pözsó, 2.1870880793280136, 0.4041164508914119, 4.8664621583462955, 3.0, 4.0, 9.0
Kimi Rájkőnen, Krájzler, 0.6344506041254627, 1.9576905146508616, 6.1316821359157, 5.0, 2.0, 5.0
Kolin Mekrí, Kőnigszeg, 2.2317510904246807, 4.901841389225753, 8.055608891194002, 1.0, 1.0, 6.0
Májkül Sumaher, Béjemvé, 0.14586457323126356, 1.7010393858172523, 0.8811142003536154, 1.0, 1.0, 6.0
Máksz Fersztáppen, Krájzler, 3.0725464000988376, 4.756195866593985, 6.130195615278002, 4.0, 3.0, 4.0
Kimi Rájkőnen, Dodzs, 1.1060710355003578, 1.6969312367073797, 0.5951982050785176, 5.0, 2.0, 5.0
Májkül Sumaher, Béjemvé, 1.8111211542838523, 4.473008214444817, 0.4057895895196939, 1.0, 1.0, 6.0
Szebásztián Lőb, Béjemvé, 5.193461602601084, 1.957038785130475, 6.790712148478969, 5.0, 2.0, 5.0
Dzsenzon Bátön, Krájzler, 3.2101967314182778, 5.477836036720793, 0.8457727690302885, 8.0, 8.0, 2.0
Máksz Fersztáppen, Micubicsi, 0.22210393767032266, 1.4554739437585484, 1.8820148458418795, 5.0, 2.0, 5.0
Kolin Mekrí, Lekszusz, 8.969635604482733, 2.197958234975056, 3.309285872319526, 1.0, 1.0, 6.0
Májkül Sumaher, Krájzler, 7.3216173472429915, 1.4142041554784635, 2.54858287844858, 5.0, 2.0, 5.0
Dzsenzon Bátön, Lekszusz, 4.022696832418241, 8.21081713827618, 6.444765974939789, 1.0, 1.0, 6.0
Lújisz Hemilton, Dodzs, 0.11334315018919683, 3.9480736109712176, 4.837278440093023, 4.0, 3.0, 4.0
Dzsenzon Bátön, Micubicsi, 0.09110494508894118, 7.675725374429623, 1.7794034856802299, 1.0, 1.0, 6.0
Fernándó Álonzó, Kőnigszeg, 4.206091806407636, 8.87744898354693, 0.7685623822392806, 1.0, 1.0, 6.0
Kolin Mekrí, Rojsz Rojsz, 1.5203570438201852, 5.320520234615777, 2.778199083138948, 8.0, 8.0, 2.0
Lújisz Hemilton, Pözsó, 7.478063894090056, 2.8559914206728676, 5.425555922644083, 1.0, 1.0, 6.0
Szebásztián Fettel, Béjemvé, 5.6625347839130935, 3.717519065199557, 2.707538944334206, 1.0, 1.0, 6.0
Máksz Fersztáppen, Kőnigszeg, 1.4134642226154448, 0.9059649645217982, 4.991881288155008, 3.0, 4.0, 9.0
Rúbensz Bárikelló, Dodzs, 2.6656041682926492, 3.361441655502795, 1.6300029458683907, 1.0, 1.0, 6.0
Lújisz Hemilton, Micubicsi, 0.5843673552976592, 1.1370490432159597, 4.739604303658296, 8.0, 8.0, 2.0
Kolin Mekrí, Pözsó, 4.544013305946267, 0.3219592639814095, 2.5783854139292464, 1.0, 1.0, 6.0
Szebásztián Fettel, Béjemvé, 5.823828967058101, 0.6889526473462104, 3.216214446656871, 3.0, 4.0, 9.0
Szebásztián Fettel, Micubicsi, 0.5273076387652076, 2.27914172330689, 4.2624726267666535, 4.0, 3.0, 4.0
Kolin Mekrí, Kilya, 7.741777827313862, 2.234334634766829, 2.62949129827152, 4.0, 3.0, 4.0
Szebásztián Fettel, Krájzler, 2.5930385238400255, 1.573598241240618, 2.9846279010727397, 3.0, 4.0, 9.0
Rúbensz Bárikelló, Kőnigszeg, 2.201174947219, 5.827930883316382, 4.0348305055764975, 4.0, 3.0, 4.0
Fernándó Álonzó, Dodzs, 6.902837213242885, 0.25375214930882795, 1.4898813431170566, 5.0, 2.0, 5.0
Májkül Sumaher, Kilya, 0.7245525003267983, 0.4412432976901437, 1.406465885568986, 4.0, 3.0, 4.0
Rúbensz Bárikelló, Kilya, 2.5613521802415207, 4.3178200707386925, 3.228211471534219, 5.0, 2.0, 5.0
Kimi Rájkőnen, Béjemvé, 1.8239088334773956, 6.877317293619968, 1.0968120098374823, 5.0, 2.0, 5.0
Lújisz Hemilton, Béjemvé, 1.9863600565575756, 8.021969823457479, 1.4897332763047932, 8.0, 8.0, 2.0
Máksz Fersztáppen, Micubicsi, 3.7375148905680087, 0.36017271554241836, 4.304196196958933, 5.0, 2.0, 5.0
Kimi Rájkőnen, Dodzs, 5.1935071814557325, 1.5922436341338897, 0.49742334852325154, 5.0, 2.0, 5.0
Rúbensz Bárikelló, Kőnigszeg, 0.04743720889758718, 5.313716219810775, 1.460464252942999, 5.0, 2.0, 5.0
Szebásztián Lőb, Lekszusz, 2.730904209368626, 6.630036429205715, 2.4445998614434417, 1.0, 1.0, 6.0
Lújisz Hemilton, Lekszusz, 3.4563127842961605, 4.1710616331583905, 4.850194110935535, 1.0, 1.0, 6.0
Szebásztián Lőb, Béjemvé, 4.10455170871955, 4.282933061040612, 1.8015887025327915, 4.0, 3.0, 4.0
Kimi Rájkőnen, Rojsz Rojsz, 0.8465097082792294, 6.851308551198577, 0.3228073951800525, 1.0, 1.0, 6.0
Kolin Mekrí, Lekszusz, 5.9523896366395235, 5.137849660411778, 2.163765792656711, 1.0, 1.0, 6.0
Májkül Sumaher, Dzsipp, 9.271547754539956, 0.2929538954239763, 7.668143606374517, 1.0, 1.0, 6.0
Májkül Sumaher, Pözsó, 3.0936873029495193, 3.3964884463136547, 3.812410560885332, 4.0, 3.0, 4.0
Rúbensz Bárikelló, Krájzler, 2.5612526632074295, 7.063461610629034, 6.456801787238336, 4.0, 3.0, 4.0
Szebásztián Lőb, Rojsz Rojsz, 0.573322492459517, 4.518474923959536, 7.986804239562702, 5.0, 2.0, 5.0
Máksz Fersztáppen, Kőnigszeg, 5.433471994139277, 5.339853648514578, 1.511675790757655, 5.0, 2.0, 5.0
Szebásztián Lőb, Dzsipp, 2.2868589633475365, 4.2431476550000005, 0.15368578883673711, 1.0, 1.0, 6.0
Máksz Fersztáppen, Dzsipp, 1.2103008357093215, 0.6152139262765166, 4.5985912511658995, 5.0, 2.0, 5.0
Fernándó Álonzó, Kilya, 9.480405398544185, 6.5230466575579085, 0.029671073744428345, 1.0, 1.0, 6.0
Máksz Fersztáppen, Krájzler, 1.241208732086, 6.014213781997965, 2.734913005910199, 1.0, 1.0, 6.0
Dzsenzon Bátön, Dodzs, 3.3076359260894472, 1.4440366261594129, 6.304779441075197, 5.0, 2.0, 5.0
Szebásztián Lőb, Pözsó, 5.285914381412744, 8.261731757788874, 0.10402430869027035, 5.0, 2.0, 5.0
Májkül Sumaher, Kőnigszeg, 2.139660095328665, 2.325175369102106, 7.209026202382113, 1.0, 1.0, 6.0
Szebásztián Lőb, Kőnigszeg, 1.3493517596667814, 8.471103994202501, 2.884742986369159, 4.0, 3.0, 4.0
Kimi Rájkőnen, Béjemvé, 3.6383712958940895, 1.7134130620276666, 2.591892709628898, 4.0, 3.0, 4.0
Fernándó Álonzó, Béjemvé, 2.222045699040731, 8.751996167810638E-4, 2.1173990331157135, 3.0, 4.0, 9.0
Fernándó Álonzó, Béjemvé, 5.749157218634124, 0.16941477443869646, 7.543365817920215, 1.0, 1.0, 6.0
Kolin Mekrí, Pözsó, 3.2589855155168532, 1.846810235060169, 8.436446669094357, 5.0, 2.0, 5.0
Kolin Mekrí, Dodzs, 2.550723161104127, 2.3013381933059494, 5.088874245411521, 4.0, 3.0, 4.0
Lújisz Hemilton, Pözsó, 4.628236729316132, 1.0341759366645242, 0.9294542368608105, 1.0, 1.0, 6.0
Szebásztián Lőb, Krájzler, 1.773183376456372, 1.8317088441936935, 1.1355861508175902, 5.0, 2.0, 5.0
Kimi Rájkőnen, Kőnigszeg, 1.3185573371714343, 1.597547880459227, 1.2159509646099897, 1.0, 1.0, 6.0
Máksz Fersztáppen, Krájzler, 1.3224477781893074, 7.109696581152566, 3.7817297026487076, 1.0, 1.0, 6.0
Szebásztián Lőb, Rojsz Rojsz, 1.7366265867949582, 0.5475751731463829, 3.2653878361179043, 4.0, 3.0, 4.0
